{
  "exp_name": "WordOrder",
  "ansatz": "IQP",
  "n_samples": 45,
  "n_classes": 3,
  "n_s_qubits": 2,
  "fold_accuracies": [
    0.3333333333333333,
    0.0,
    0.3333333333333333,
    0.1111111111111111,
    0.2222222222222222
  ],
  "accuracy_mean": 0.19999999999999998,
  "accuracy_std": 0.12957670877434002,
  "classification_report": "                   precision    recall  f1-score   support\n\nWordOrder_Nominal       0.33      0.27      0.30        15\n    WordOrder_SVO       0.31      0.27      0.29        15\n    WordOrder_VSO       0.12      0.07      0.09        15\n\n        micro avg       0.27      0.20      0.23        45\n        macro avg       0.26      0.20      0.22        45\n     weighted avg       0.26      0.20      0.22        45\n",
  "class_list": [
    "WordOrder_Nominal",
    "WordOrder_SVO",
    "WordOrder_VSO"
  ]
}