{
  "verb": "رفع",
  "n": 50,
  "distribution": {
    "lift": 25,
    "file": 25
  },
  "classical": {
    "AraVec_SVM_linear": {
      "mean": 0.47333333333333333,
      "std": 0.12364824660660938,
      "folds": [
        0.5,
        0.4,
        0.4,
        0.5,
        0.5,
        0.3,
        0.3,
        0.7,
        0.5,
        0.6,
        0.3,
        0.7,
        0.5,
        0.5,
        0.4
      ]
    },
    "AraVec_SVM_rbf": {
      "mean": 0.49999999999999994,
      "std": 0.10327955589886444,
      "folds": [
        0.6,
        0.5,
        0.4,
        0.5,
        0.3,
        0.4,
        0.6,
        0.6,
        0.5,
        0.6,
        0.6,
        0.5,
        0.6,
        0.3,
        0.5
      ]
    },
    "AraVec_RF": {
      "mean": 0.4933333333333333,
      "std": 0.10624918300339485,
      "folds": [
        0.6,
        0.5,
        0.5,
        0.6,
        0.5,
        0.3,
        0.5,
        0.6,
        0.3,
        0.6,
        0.6,
        0.5,
        0.5,
        0.3,
        0.5
      ]
    }
  },
  "arabert_frozen": {
    "mean": 0.6733333333333332,
    "std": 0.11234866364235145,
    "folds": [
      0.7,
      0.6,
      0.5,
      0.8,
      0.8,
      0.7,
      0.7,
      0.8,
      0.6,
      0.6,
      0.6,
      0.6,
      0.7,
      0.5,
      0.9
    ]
  },
  "qfm_base": {
    "mean": 0.496,
    "std": 0.04543126676640216,
    "seed_means": [
      0.49999999999999994,
      0.52,
      0.5266666666666666,
      0.44,
      0.5466666666666666,
      0.5,
      0.5266666666666667,
      0.4733333333333334,
      0.5333333333333333,
      0.3933333333333334
    ],
    "n_circuits": 50
  },
  "qfm_ancilla": {
    "mean": 0.43066666666666664,
    "std": 0.04393935214209088,
    "seed_means": [
      0.4466666666666666,
      0.39333333333333337,
      0.4533333333333333,
      0.4333333333333334,
      0.44,
      0.36,
      0.48000000000000004,
      0.4733333333333334,
      0.3533333333333334,
      0.47333333333333333
    ],
    "n_circuits": 50
  },
  "spsa_base": {
    "mean": 0.34,
    "std": 0.15318833724101408,
    "all_fold_accs": [
      0.3,
      0.2,
      0.6,
      0.4,
      0.0,
      0.3,
      0.3,
      0.4,
      0.4,
      0.2,
      0.5,
      0.3,
      0.1,
      0.5,
      0.7,
      0.4,
      0.3,
      0.5,
      0.2,
      0.1,
      0.5,
      0.2,
      0.4,
      0.4,
      0.2,
      0.2,
      0.3,
      0.4,
      0.7,
      0.4,
      0.7,
      0.3,
      0.4,
      0.2,
      0.2,
      0.5,
      0.2,
      0.1,
      0.3,
      0.2,
      0.2,
      0.3,
      0.3,
      0.4,
      0.5,
      0.3,
      0.2,
      0.4,
      0.3,
      0.4,
      0.5,
      0.3,
      0.2,
      0.2,
      0.2,
      0.2,
      0.1,
      0.4,
      0.4,
      0.6,
      0.5,
      0.3,
      0.4,
      0.2,
      0.4,
      0.4,
      0.4,
      0.4,
      0.4,
      0.3,
      0.2,
      0.2,
      0.3,
      0.4,
      0.8
    ],
    "n_circuits": 50
  },
  "spsa_ancilla": {
    "mean": 0.49333333333333323,
    "std": 0.13199326582148888,
    "all_fold_accs": [
      0.4,
      0.4,
      0.7,
      0.5,
      0.4,
      0.4,
      0.4,
      0.6,
      0.4,
      0.4,
      0.3,
      0.6,
      0.5,
      0.6,
      0.6,
      0.4,
      0.2,
      0.5,
      0.5,
      0.5,
      0.5,
      0.5,
      0.5,
      0.6,
      0.7,
      0.5,
      0.3,
      0.4,
      0.5,
      0.6,
      0.5,
      0.5,
      0.4,
      0.6,
      0.5,
      0.4,
      0.7,
      0.3,
      0.3,
      0.6,
      0.5,
      0.6,
      0.3,
      0.3,
      0.6,
      0.4,
      0.5,
      0.5,
      0.3,
      0.4,
      0.6,
      0.4,
      0.6,
      0.6,
      0.6,
      0.9,
      0.4,
      0.7,
      0.5,
      0.6,
      0.6,
      0.6,
      0.5,
      0.7,
      0.4,
      0.6,
      0.6,
      0.5,
      0.4,
      0.3,
      0.3,
      0.4,
      0.5,
      0.3,
      0.8
    ],
    "n_circuits": 50
  }
}