{
  "verb": "ضرب",
  "n": 50,
  "distribution": {
    "strike": 25,
    "exemplify": 25
  },
  "classical": {
    "AraVec_SVM_linear": {
      "mean": 0.7133333333333334,
      "std": 0.10241527663824812,
      "folds": [
        0.7,
        0.7,
        0.9,
        0.8,
        0.5,
        0.6,
        0.8,
        0.7,
        0.7,
        0.8,
        0.6,
        0.6,
        0.8,
        0.7,
        0.8
      ]
    },
    "AraVec_SVM_rbf": {
      "mean": 0.7799999999999998,
      "std": 0.12220201853215576,
      "folds": [
        0.9,
        0.7,
        1.0,
        0.7,
        0.8,
        0.7,
        0.8,
        0.5,
        0.8,
        0.9,
        0.9,
        0.7,
        0.7,
        0.7,
        0.9
      ]
    },
    "AraVec_RF": {
      "mean": 0.7,
      "std": 0.1316561177208767,
      "folds": [
        0.8,
        0.6,
        0.9,
        0.7,
        0.6,
        0.8,
        0.5,
        0.5,
        0.7,
        0.9,
        0.7,
        0.7,
        0.6,
        0.6,
        0.9
      ]
    }
  },
  "arabert_frozen": {
    "mean": 1.0,
    "std": 0.0,
    "folds": [
      1.0,
      1.0,
      1.0,
      1.0,
      1.0,
      1.0,
      1.0,
      1.0,
      1.0,
      1.0,
      1.0,
      1.0,
      1.0,
      1.0,
      1.0
    ]
  },
  "qfm_base": {
    "mean": 0.45199999999999996,
    "std": 0.0514500836841993,
    "seed_means": [
      0.42000000000000004,
      0.4666666666666667,
      0.5333333333333333,
      0.5066666666666667,
      0.45999999999999996,
      0.4933333333333333,
      0.4200000000000001,
      0.3733333333333333,
      0.47333333333333333,
      0.3733333333333333
    ],
    "n_circuits": 50
  },
  "qfm_ancilla": {
    "mean": 0.604,
    "std": 0.13747565441035575,
    "seed_means": [
      0.6799999999999999,
      0.8066666666666668,
      0.66,
      0.7666666666666667,
      0.43333333333333335,
      0.5200000000000001,
      0.3666666666666666,
      0.7,
      0.5,
      0.6066666666666667
    ],
    "n_circuits": 50
  },
  "spsa_base": {
    "mean": 0.7306666666666667,
    "std": 0.14326975334041106,
    "all_fold_accs": [
      0.9,
      0.7,
      0.7,
      1.0,
      0.5,
      0.6,
      0.8,
      0.8,
      0.7,
      0.8,
      0.8,
      0.8,
      0.6,
      0.5,
      0.9,
      0.7,
      0.7,
      0.7,
      0.8,
      0.7,
      0.6,
      0.6,
      0.8,
      0.7,
      0.8,
      0.8,
      0.9,
      0.8,
      0.2,
      0.7,
      0.8,
      0.7,
      0.6,
      1.0,
      0.8,
      0.7,
      0.6,
      0.8,
      0.6,
      0.7,
      0.7,
      0.6,
      0.9,
      0.6,
      0.8,
      0.6,
      0.8,
      0.7,
      0.8,
      0.7,
      0.7,
      0.9,
      1.0,
      0.6,
      0.8,
      0.5,
      0.5,
      0.9,
      0.8,
      0.7,
      0.8,
      0.8,
      0.7,
      0.9,
      1.0,
      0.5,
      0.6,
      0.9,
      0.7,
      1.0,
      0.8,
      0.7,
      0.8,
      0.5,
      0.6
    ],
    "n_circuits": 50
  },
  "spsa_ancilla": {
    "mean": 0.5746666666666665,
    "std": 0.17211882200645254,
    "all_fold_accs": [
      0.6,
      0.5,
      0.4,
      0.6,
      0.5,
      0.6,
      0.9,
      0.6,
      0.5,
      0.5,
      0.6,
      0.3,
      0.7,
      0.7,
      0.5,
      0.4,
      0.6,
      0.5,
      0.3,
      0.2,
      0.4,
      0.2,
      0.3,
      0.3,
      0.8,
      0.6,
      0.7,
      0.5,
      0.3,
      0.9,
      0.5,
      0.6,
      0.5,
      0.6,
      0.5,
      0.8,
      0.4,
      0.7,
      0.6,
      0.4,
      0.6,
      0.7,
      0.5,
      0.7,
      0.5,
      0.8,
      0.7,
      0.5,
      0.8,
      0.9,
      0.8,
      0.5,
      0.3,
      0.4,
      0.6,
      0.9,
      0.6,
      0.7,
      0.8,
      0.7,
      0.7,
      0.6,
      0.8,
      0.5,
      0.5,
      0.7,
      0.6,
      0.9,
      0.7,
      0.7,
      0.5,
      0.5,
      0.4,
      0.6,
      0.3
    ],
    "n_circuits": 50
  }
}