{
  "verb": "حمل",
  "n": 50,
  "distribution": {
    "carry": 25,
    "convey": 25
  },
  "classical": {
    "AraVec_SVM_linear": {
      "mean": 0.9533333333333334,
      "std": 0.061824123303304675,
      "folds": [
        0.8,
        1.0,
        1.0,
        0.9,
        1.0,
        0.9,
        1.0,
        1.0,
        0.9,
        1.0,
        1.0,
        0.9,
        1.0,
        0.9,
        1.0
      ]
    },
    "AraVec_SVM_rbf": {
      "mean": 0.9400000000000001,
      "std": 0.07118052168020873,
      "folds": [
        0.8,
        1.0,
        1.0,
        0.9,
        1.0,
        0.9,
        1.0,
        0.9,
        0.9,
        1.0,
        1.0,
        0.9,
        1.0,
        0.8,
        1.0
      ]
    },
    "AraVec_RF": {
      "mean": 0.9333333333333335,
      "std": 0.06992058987801009,
      "folds": [
        0.9,
        1.0,
        1.0,
        0.9,
        1.0,
        0.9,
        1.0,
        1.0,
        0.9,
        0.8,
        1.0,
        0.9,
        1.0,
        0.9,
        0.8
      ]
    }
  },
  "arabert_frozen": {
    "mean": 0.9933333333333334,
    "std": 0.024944382578492942,
    "folds": [
      1.0,
      1.0,
      1.0,
      1.0,
      1.0,
      1.0,
      1.0,
      1.0,
      0.9,
      1.0,
      1.0,
      1.0,
      1.0,
      1.0,
      1.0
    ]
  },
  "qfm_base": {
    "mean": 0.5673333333333332,
    "std": 0.08684340952414163,
    "seed_means": [
      0.58,
      0.6,
      0.7333333333333333,
      0.6399999999999999,
      0.6133333333333333,
      0.4266666666666667,
      0.5533333333333333,
      0.58,
      0.5000000000000001,
      0.44666666666666666
    ],
    "n_circuits": 50
  },
  "qfm_ancilla": {
    "mean": 0.4873333333333333,
    "std": 0.08513779680285626,
    "seed_means": [
      0.47333333333333333,
      0.52,
      0.3533333333333334,
      0.5266666666666666,
      0.33333333333333337,
      0.5133333333333333,
      0.5733333333333334,
      0.4333333333333334,
      0.5399999999999999,
      0.6066666666666667
    ],
    "n_circuits": 50
  },
  "spsa_base": {
    "mean": 0.6906666666666668,
    "std": 0.16984175641526505,
    "all_fold_accs": [
      0.7,
      0.8,
      0.4,
      0.6,
      0.9,
      0.3,
      0.6,
      0.7,
      0.8,
      0.8,
      0.8,
      0.9,
      0.7,
      0.6,
      0.8,
      0.5,
      0.6,
      0.2,
      0.7,
      0.6,
      0.7,
      0.7,
      0.9,
      0.7,
      0.8,
      0.7,
      0.6,
      0.7,
      0.5,
      0.8,
      0.8,
      0.8,
      0.3,
      0.5,
      0.9,
      0.6,
      0.7,
      0.9,
      0.6,
      0.5,
      0.9,
      0.7,
      0.6,
      0.8,
      0.7,
      0.6,
      0.4,
      0.4,
      0.9,
      1.0,
      0.6,
      0.5,
      0.7,
      0.8,
      0.6,
      0.7,
      1.0,
      0.9,
      0.6,
      0.7,
      0.5,
      0.4,
      0.6,
      0.9,
      0.7,
      0.9,
      0.7,
      0.9,
      0.7,
      0.8,
      1.0,
      0.8,
      0.8,
      0.7,
      0.6
    ],
    "n_circuits": 50
  },
  "spsa_ancilla": {
    "mean": 0.552,
    "std": 0.16761861471805573,
    "all_fold_accs": [
      0.7,
      0.6,
      0.3,
      0.8,
      0.6,
      0.7,
      0.7,
      0.3,
      0.4,
      0.2,
      0.8,
      0.4,
      0.7,
      0.8,
      0.4,
      0.3,
      0.3,
      0.8,
      0.5,
      0.5,
      0.3,
      0.6,
      0.6,
      0.5,
      0.4,
      0.7,
      0.8,
      0.5,
      0.7,
      0.6,
      0.6,
      0.7,
      0.9,
      0.5,
      0.8,
      0.5,
      0.5,
      0.6,
      0.6,
      0.5,
      0.6,
      0.5,
      0.4,
      0.3,
      0.7,
      0.6,
      0.3,
      0.2,
      0.4,
      0.5,
      0.5,
      0.5,
      0.9,
      0.6,
      0.5,
      0.3,
      0.8,
      0.6,
      0.3,
      0.4,
      0.6,
      0.4,
      0.6,
      0.7,
      0.6,
      0.5,
      0.7,
      0.6,
      0.6,
      0.7,
      0.3,
      0.7,
      0.6,
      0.7,
      0.5
    ],
    "n_circuits": 50
  }
}