{
  "verb": "POOLED",
  "n": 200,
  "distribution": {
    "structural_A": 100,
    "structural_B": 100
  },
  "classical": {
    "AraVec_SVM_linear": {
      "mean": 0.8083333333333333,
      "std": 0.0414996653266291,
      "folds": [
        0.8,
        0.75,
        0.825,
        0.825,
        0.85,
        0.775,
        0.85,
        0.775,
        0.8,
        0.825,
        0.75,
        0.75,
        0.875,
        0.875,
        0.8
      ]
    },
    "AraVec_SVM_rbf": {
      "mean": 0.8066666666666668,
      "std": 0.05280993172584954,
      "folds": [
        0.8,
        0.775,
        0.825,
        0.825,
        0.85,
        0.75,
        0.8,
        0.775,
        0.9,
        0.725,
        0.775,
        0.75,
        0.9,
        0.875,
        0.775
      ]
    },
    "AraVec_RF": {
      "mean": 0.74,
      "std": 0.048989794855663564,
      "folds": [
        0.775,
        0.675,
        0.775,
        0.725,
        0.725,
        0.7,
        0.75,
        0.75,
        0.8,
        0.675,
        0.675,
        0.7,
        0.85,
        0.775,
        0.75
      ]
    }
  },
  "arabert_frozen": {
    "mean": 0.9266666666666669,
    "std": 0.02808716591058785,
    "folds": [
      0.95,
      0.925,
      0.925,
      0.95,
      0.925,
      0.925,
      0.9,
      0.95,
      0.975,
      0.85,
      0.95,
      0.9,
      0.925,
      0.925,
      0.925
    ]
  },
  "qfm_base": {
    "mean": 0.4741666666666666,
    "std": 0.02320500424956271,
    "seed_means": [
      0.45166666666666655,
      0.46166666666666667,
      0.4683333333333334,
      0.44166666666666665,
      0.475,
      0.45500000000000007,
      0.475,
      0.5016666666666667,
      0.49000000000000005,
      0.5216666666666667
    ],
    "n_circuits": 200
  },
  "qfm_ancilla": {
    "mean": 0.47383333333333333,
    "std": 0.04799334444598658,
    "seed_means": [
      0.49833333333333324,
      0.41166666666666674,
      0.4033333333333334,
      0.4499999999999999,
      0.43499999999999994,
      0.44500000000000006,
      0.515,
      0.5333333333333333,
      0.5066666666666666,
      0.5400000000000001
    ],
    "n_circuits": 200
  },
  "spsa_base": {
    "mean": 0.5003333333333333,
    "std": 0.07697329984409457,
    "all_fold_accs": [
      0.475,
      0.55,
      0.4,
      0.45,
      0.525,
      0.575,
      0.5,
      0.525,
      0.5,
      0.575,
      0.45,
      0.325,
      0.425,
      0.6,
      0.525,
      0.475,
      0.65,
      0.5,
      0.45,
      0.45,
      0.5,
      0.575,
      0.55,
      0.475,
      0.575,
      0.6,
      0.45,
      0.6,
      0.475,
      0.575,
      0.45,
      0.425,
      0.575,
      0.45,
      0.525,
      0.525,
      0.475,
      0.575,
      0.45,
      0.525,
      0.475,
      0.425,
      0.625,
      0.525,
      0.35,
      0.6,
      0.45,
      0.525,
      0.5,
      0.55,
      0.5,
      0.425,
      0.4,
      0.5,
      0.35,
      0.575,
      0.475,
      0.625,
      0.525,
      0.475,
      0.575,
      0.525,
      0.65,
      0.475,
      0.475,
      0.65,
      0.45,
      0.45,
      0.35,
      0.5,
      0.425,
      0.325,
      0.45,
      0.65,
      0.425
    ],
    "n_circuits": 200
  },
  "spsa_ancilla": {
    "mean": 0.5223333333333334,
    "std": 0.07837658380465998,
    "all_fold_accs": [
      0.525,
      0.625,
      0.525,
      0.575,
      0.5,
      0.575,
      0.6,
      0.525,
      0.475,
      0.525,
      0.575,
      0.325,
      0.6,
      0.575,
      0.6,
      0.4,
      0.5,
      0.525,
      0.5,
      0.55,
      0.625,
      0.55,
      0.375,
      0.675,
      0.5,
      0.625,
      0.575,
      0.475,
      0.55,
      0.6,
      0.425,
      0.55,
      0.525,
      0.55,
      0.5,
      0.55,
      0.6,
      0.3,
      0.5,
      0.55,
      0.4,
      0.525,
      0.5,
      0.45,
      0.575,
      0.725,
      0.425,
      0.45,
      0.5,
      0.5,
      0.475,
      0.525,
      0.5,
      0.45,
      0.525,
      0.35,
      0.575,
      0.5,
      0.65,
      0.45,
      0.525,
      0.5,
      0.575,
      0.475,
      0.675,
      0.475,
      0.625,
      0.475,
      0.5,
      0.475,
      0.475,
      0.5,
      0.65,
      0.55,
      0.45
    ],
    "n_circuits": 200
  }
}