{
  "verb": "قطع",
  "n": 50,
  "distribution": {
    "cut": 25,
    "sever": 25
  },
  "classical": {
    "AraVec_SVM_linear": {
      "mean": 0.7866666666666666,
      "std": 0.1586050300449376,
      "folds": [
        0.7,
        0.7,
        1.0,
        1.0,
        0.5,
        0.7,
        0.6,
        0.9,
        0.6,
        1.0,
        0.9,
        0.9,
        0.9,
        0.7,
        0.7
      ]
    },
    "AraVec_SVM_rbf": {
      "mean": 0.8533333333333334,
      "std": 0.12578641509408808,
      "folds": [
        0.8,
        0.7,
        1.0,
        1.0,
        0.6,
        0.8,
        0.8,
        1.0,
        0.8,
        1.0,
        0.9,
        1.0,
        0.9,
        0.7,
        0.8
      ]
    },
    "AraVec_RF": {
      "mean": 0.7466666666666667,
      "std": 0.17074997966487596,
      "folds": [
        0.6,
        0.5,
        1.0,
        1.0,
        0.6,
        0.5,
        0.7,
        0.9,
        0.7,
        1.0,
        0.7,
        0.8,
        0.9,
        0.7,
        0.6
      ]
    }
  },
  "arabert_frozen": {
    "mean": 0.9800000000000001,
    "std": 0.039999999999999994,
    "folds": [
      0.9,
      1.0,
      1.0,
      1.0,
      1.0,
      1.0,
      1.0,
      1.0,
      0.9,
      1.0,
      1.0,
      0.9,
      1.0,
      1.0,
      1.0
    ]
  },
  "qfm_base": {
    "mean": 0.36000000000000004,
    "std": 0.06007402840570034,
    "seed_means": [
      0.39333333333333337,
      0.31333333333333335,
      0.38666666666666666,
      0.37333333333333335,
      0.2733333333333334,
      0.3266666666666667,
      0.3,
      0.5000000000000001,
      0.36666666666666664,
      0.36666666666666664
    ],
    "n_circuits": 50
  },
  "qfm_ancilla": {
    "mean": 0.36133333333333334,
    "std": 0.04318435930853773,
    "seed_means": [
      0.3266666666666667,
      0.42,
      0.38666666666666666,
      0.3533333333333334,
      0.3533333333333334,
      0.31999999999999995,
      0.38666666666666666,
      0.44000000000000006,
      0.30666666666666664,
      0.32
    ],
    "n_circuits": 50
  },
  "spsa_base": {
    "mean": 0.20533333333333334,
    "std": 0.11418503501870209,
    "all_fold_accs": [
      0.3,
      0.1,
      0.2,
      0.3,
      0.2,
      0.3,
      0.1,
      0.1,
      0.0,
      0.2,
      0.2,
      0.2,
      0.1,
      0.1,
      0.2,
      0.3,
      0.1,
      0.3,
      0.2,
      0.2,
      0.3,
      0.0,
      0.2,
      0.1,
      0.1,
      0.1,
      0.3,
      0.2,
      0.1,
      0.3,
      0.4,
      0.0,
      0.3,
      0.3,
      0.3,
      0.4,
      0.1,
      0.1,
      0.3,
      0.1,
      0.2,
      0.3,
      0.2,
      0.2,
      0.1,
      0.4,
      0.0,
      0.2,
      0.4,
      0.3,
      0.3,
      0.1,
      0.2,
      0.1,
      0.1,
      0.2,
      0.4,
      0.3,
      0.0,
      0.1,
      0.4,
      0.2,
      0.4,
      0.3,
      0.3,
      0.1,
      0.2,
      0.1,
      0.2,
      0.1,
      0.2,
      0.5,
      0.3,
      0.1,
      0.2
    ],
    "n_circuits": 50
  },
  "spsa_ancilla": {
    "mean": 0.5373333333333334,
    "std": 0.13640462683583068,
    "all_fold_accs": [
      0.6,
      0.8,
      0.5,
      0.4,
      0.6,
      0.7,
      0.5,
      0.4,
      0.6,
      0.5,
      0.6,
      0.6,
      0.3,
      0.6,
      0.4,
      0.7,
      0.6,
      0.5,
      0.6,
      0.4,
      0.5,
      0.5,
      0.5,
      0.4,
      0.5,
      0.5,
      0.6,
      0.6,
      0.4,
      0.5,
      0.6,
      0.6,
      0.7,
      0.7,
      0.7,
      0.4,
      0.6,
      0.6,
      0.5,
      0.7,
      0.5,
      0.8,
      0.5,
      0.2,
      0.4,
      0.4,
      0.2,
      0.6,
      0.5,
      0.5,
      0.7,
      0.7,
      0.5,
      0.5,
      0.6,
      0.3,
      0.6,
      0.5,
      0.7,
      0.3,
      0.4,
      0.5,
      0.5,
      0.5,
      0.4,
      0.7,
      0.3,
      0.9,
      0.5,
      0.7,
      0.5,
      0.8,
      0.5,
      0.6,
      0.5
    ],
    "n_circuits": 50
  }
}