{
  "tag": "Morphology_Tense/IQP/L2/seed123",
  "exp_name": "Morphology_Tense",
  "ansatz": "IQP",
  "n_layers": 2,
  "seed": 123,
  "n_samples": 50,
  "n_classes": 2,
  "chance": 0.5,
  "mean": 0.43999999999999995,
  "std": 0.20591260281974,
  "folds": [
    0.2,
    0.5,
    0.2,
    0.7,
    0.6
  ],
  "report": "              precision    recall  f1-score   support\n\n        Past       0.44      0.48      0.46        25\n        Pres       0.43      0.40      0.42        25\n\n    accuracy                           0.44        50\n   macro avg       0.44      0.44      0.44        50\nweighted avg       0.44      0.44      0.44        50\n"
}