{
  "tag": "Morphology_Tense/Sim14/L1/seed123",
  "exp_name": "Morphology_Tense",
  "ansatz": "Sim14",
  "n_layers": 1,
  "seed": 123,
  "n_samples": 50,
  "n_classes": 2,
  "chance": 0.5,
  "mean": 0.5199999999999999,
  "std": 0.0979795897113271,
  "folds": [
    0.4,
    0.5,
    0.5,
    0.7,
    0.5
  ],
  "report": "              precision    recall  f1-score   support\n\n        Past       0.52      0.48      0.50        25\n        Pres       0.52      0.56      0.54        25\n\n    accuracy                           0.52        50\n   macro avg       0.52      0.52      0.52        50\nweighted avg       0.52      0.52      0.52        50\n"
}