{
  "tag": "Morphology_Number/IQP/L2/seed777",
  "exp_name": "Morphology_Number",
  "ansatz": "IQP",
  "n_layers": 2,
  "seed": 777,
  "n_samples": 114,
  "n_classes": 3,
  "chance": 0.3333333333333333,
  "mean": 0.26245059288537553,
  "std": 0.04476011910479705,
  "folds": [
    0.2608695652173913,
    0.30434782608695654,
    0.2608695652173913,
    0.30434782608695654,
    0.18181818181818182
  ],
  "report": "              precision    recall  f1-score   support\n\n          Du       0.19      0.18      0.19        22\n          Pl       0.56      0.32      0.40        63\n          Sg       0.21      0.21      0.21        29\n\n   micro avg       0.35      0.26      0.30       114\n   macro avg       0.32      0.24      0.27       114\nweighted avg       0.40      0.26      0.31       114\n"
}