{
  "tag": "Morphology_Tense/Sim14/L2/seed123",
  "exp_name": "Morphology_Tense",
  "ansatz": "Sim14",
  "n_layers": 2,
  "seed": 123,
  "n_samples": 50,
  "n_classes": 2,
  "chance": 0.5,
  "mean": 0.5599999999999999,
  "std": 0.16248076809271922,
  "folds": [
    0.3,
    0.6,
    0.5,
    0.6,
    0.8
  ],
  "report": "              precision    recall  f1-score   support\n\n        Past       0.57      0.52      0.54        25\n        Pres       0.56      0.60      0.58        25\n\n    accuracy                           0.56        50\n   macro avg       0.56      0.56      0.56        50\nweighted avg       0.56      0.56      0.56        50\n"
}