{
  "tag": "Morphology_Tense/IQP/L3/seed42",
  "exp_name": "Morphology_Tense",
  "ansatz": "IQP",
  "n_layers": 3,
  "seed": 42,
  "n_samples": 50,
  "n_classes": 2,
  "chance": 0.5,
  "mean": 0.5800000000000001,
  "std": 0.2315167380558045,
  "folds": [
    0.5,
    0.9,
    0.6,
    0.7,
    0.2
  ],
  "report": "              precision    recall  f1-score   support\n\n        Past       0.58      0.60      0.59        25\n        Pres       0.58      0.56      0.57        25\n\n    accuracy                           0.58        50\n   macro avg       0.58      0.58      0.58        50\nweighted avg       0.58      0.58      0.58        50\n"
}