{
  "tag": "Morphology_Tense/Sim14/L3/seed777",
  "exp_name": "Morphology_Tense",
  "ansatz": "Sim14",
  "n_layers": 3,
  "seed": 777,
  "n_samples": 50,
  "n_classes": 2,
  "chance": 0.5,
  "mean": 0.5599999999999999,
  "std": 0.17435595774162696,
  "folds": [
    0.9,
    0.5,
    0.5,
    0.5,
    0.4
  ],
  "report": "              precision    recall  f1-score   support\n\n        Past       0.56      0.56      0.56        25\n        Pres       0.56      0.56      0.56        25\n\n    accuracy                           0.56        50\n   macro avg       0.56      0.56      0.56        50\nweighted avg       0.56      0.56      0.56        50\n"
}