{
  "tag": "Morphology_Number/IQP/L2/seed123",
  "exp_name": "Morphology_Number",
  "ansatz": "IQP",
  "n_layers": 2,
  "seed": 123,
  "n_samples": 114,
  "n_classes": 3,
  "chance": 0.3333333333333333,
  "mean": 0.30632411067193677,
  "std": 0.08938401130154593,
  "folds": [
    0.4782608695652174,
    0.2608695652173913,
    0.30434782608695654,
    0.2608695652173913,
    0.22727272727272727
  ],
  "report": "              precision    recall  f1-score   support\n\n          Du       0.29      0.27      0.28        22\n          Pl       0.60      0.33      0.43        63\n          Sg       0.29      0.28      0.28        29\n\n   micro avg       0.42      0.31      0.35       114\n   macro avg       0.39      0.29      0.33       114\nweighted avg       0.46      0.31      0.36       114\n"
}