{
  "فتح": {
    "verb": "فتح",
    "n": 40,
    "distribution": {
      "open": 20,
      "conquer": 20
    },
    "classical": {
      "AraVec_SVM_linear": {
        "mean": 0.9583333333333334,
        "std": 0.05892556509887896,
        "folds": [
          1.0,
          1.0,
          0.875,
          1.0,
          1.0,
          0.875,
          1.0,
          1.0,
          1.0,
          0.875,
          1.0,
          1.0,
          0.875,
          0.875,
          1.0
        ]
      },
      "AraVec_SVM_rbf": {
        "mean": 0.975,
        "std": 0.049999999999999996,
        "folds": [
          1.0,
          1.0,
          0.875,
          1.0,
          1.0,
          0.875,
          1.0,
          1.0,
          1.0,
          1.0,
          1.0,
          1.0,
          0.875,
          1.0,
          1.0
        ]
      },
      "AraVec_RF": {
        "mean": 0.9416666666666667,
        "std": 0.11055415967851334,
        "folds": [
          1.0,
          1.0,
          0.75,
          1.0,
          1.0,
          0.625,
          1.0,
          1.0,
          1.0,
          1.0,
          1.0,
          1.0,
          0.875,
          0.875,
          1.0
        ]
      }
    },
    "arabert_frozen": {
      "mean": 0.9916666666666667,
      "std": 0.031180478223116176,
      "folds": [
        1.0,
        1.0,
        1.0,
        1.0,
        1.0,
        1.0,
        1.0,
        1.0,
        1.0,
        1.0,
        1.0,
        1.0,
        1.0,
        0.875,
        1.0
      ]
    },
    "qfm_base": {
      "mean": 0.48083333333333333,
      "std": 0.09068029922020918,
      "seed_means": [
        0.49166666666666664,
        0.3416666666666667,
        0.35,
        0.48333333333333334,
        0.625,
        0.55,
        0.4083333333333333,
        0.5833333333333334,
        0.5333333333333333,
        0.44166666666666665
      ],
      "n_circuits": 40,
      "n_valid": 40
    },
    "qfm_ancilla": {
      "mean": 0.4875000000000001,
      "std": 0.046733582976033174,
      "seed_means": [
        0.49166666666666664,
        0.5833333333333334,
        0.5083333333333333,
        0.49166666666666664,
        0.475,
        0.4166666666666667,
        0.525,
        0.4666666666666667,
        0.5,
        0.4166666666666667
      ],
      "n_circuits": 40,
      "n_valid": 40
    },
    "spsa_base": {
      "mean": 0.515,
      "std": 0.1836663641860788,
      "all_fold_accs": [
        0.5,
        0.625,
        0.5,
        0.25,
        0.5,
        0.625,
        0.25,
        0.625,
        0.5,
        0.5,
        0.5,
        0.5,
        0.5,
        0.625,
        0.75,
        0.25,
        0.5,
        0.75,
        0.5,
        0.625,
        0.625,
        0.875,
        0.375,
        0.75,
        0.75,
        0.5,
        0.875,
        0.5,
        0.375,
        0.75,
        0.375,
        0.375,
        0.5,
        0.875,
        0.625,
        0.625,
        0.625,
        0.5,
        0.5,
        0.5,
        0.5,
        0.5,
        0.625,
        0.5,
        0.125,
        0.25,
        0.25,
        0.375,
        0.5,
        0.625,
        0.625,
        0.75,
        0.375,
        0.75,
        0.5,
        0.125,
        0.625,
        0.25,
        0.25,
        0.25,
        0.375,
        0.375,
        0.75,
        0.625,
        0.5,
        0.625,
        0.75,
        0.625,
        0.25,
        0.5,
        0.375,
        0.75,
        0.625,
        0.5,
        0.0
      ],
      "n_circuits": 40
    },
    "spsa_ancilla": {
      "mean": 0.0,
      "std": 0.0,
      "all_fold_accs": [
        0.0,
        0.0,
        0.0,
        0.0,
        0.0,
        0.0,
        0.0,
        0.0,
        0.0,
        0.0,
        0.0,
        0.0,
        0.0,
        0.0,
        0.0,
        0.0,
        0.0,
        0.0,
        0.0,
        0.0,
        0.0,
        0.0,
        0.0,
        0.0,
        0.0,
        0.0,
        0.0,
        0.0,
        0.0,
        0.0,
        0.0,
        0.0,
        0.0,
        0.0,
        0.0,
        0.0,
        0.0,
        0.0,
        0.0,
        0.0,
        0.0,
        0.0,
        0.0,
        0.0,
        0.0,
        0.0,
        0.0,
        0.0,
        0.0,
        0.0,
        0.0,
        0.0,
        0.0,
        0.0,
        0.0,
        0.0,
        0.0,
        0.0,
        0.0,
        0.0,
        0.0,
        0.0,
        0.0,
        0.0,
        0.0,
        0.0,
        0.0,
        0.0,
        0.0,
        0.0,
        0.0,
        0.0,
        0.0,
        0.0,
        0.0
      ],
      "n_circuits": 40
    }
  },
  "رفع": {
    "verb": "رفع",
    "n": 40,
    "distribution": {
      "lift": 20,
      "file": 20
    },
    "classical": {
      "AraVec_SVM_linear": {
        "mean": 0.9166666666666666,
        "std": 0.09860132971832693,
        "folds": [
          0.875,
          1.0,
          0.875,
          1.0,
          0.875,
          1.0,
          0.875,
          1.0,
          0.625,
          0.875,
          1.0,
          1.0,
          0.875,
          0.875,
          1.0
        ]
      },
      "AraVec_SVM_rbf": {
        "mean": 0.9083333333333333,
        "std": 0.07168604389202189,
        "folds": [
          0.875,
          1.0,
          0.875,
          1.0,
          0.875,
          1.0,
          0.875,
          1.0,
          0.875,
          0.875,
          0.875,
          1.0,
          0.875,
          0.75,
          0.875
        ]
      },
      "AraVec_RF": {
        "mean": 0.875,
        "std": 0.06454972243679027,
        "folds": [
          0.875,
          0.875,
          0.875,
          1.0,
          0.875,
          1.0,
          0.875,
          0.875,
          0.75,
          0.75,
          0.875,
          0.875,
          0.875,
          0.875,
          0.875
        ]
      }
    },
    "arabert_frozen": {
      "mean": 0.9916666666666667,
      "std": 0.031180478223116172,
      "folds": [
        1.0,
        1.0,
        1.0,
        1.0,
        1.0,
        1.0,
        1.0,
        0.875,
        1.0,
        1.0,
        1.0,
        1.0,
        1.0,
        1.0,
        1.0
      ]
    },
    "qfm_base": {
      "mean": 0.49833333333333335,
      "std": 0.060987248211773294,
      "seed_means": [
        0.4583333333333333,
        0.43333333333333335,
        0.6166666666666667,
        0.43333333333333335,
        0.4583333333333333,
        0.5333333333333333,
        0.5333333333333333,
        0.5,
        0.575,
        0.44166666666666665
      ],
      "n_circuits": 40,
      "n_valid": 40
    },
    "qfm_ancilla": {
      "mean": 0.3883333333333333,
      "std": 0.05220153254455276,
      "seed_means": [
        0.4666666666666667,
        0.3,
        0.36666666666666664,
        0.4083333333333333,
        0.39166666666666666,
        0.3333333333333333,
        0.45,
        0.45,
        0.35833333333333334,
        0.35833333333333334
      ],
      "n_circuits": 40,
      "n_valid": 40
    },
    "spsa_base": {
      "mean": 0.5266666666666666,
      "std": 0.17235299694393352,