{
  "verb": "رفع",
  "n": 40,
  "distribution": {
    "lift": 20,
    "file": 20
  },
  "classical": {
    "AraVec_SVM_linear": {
      "mean": 0.9166666666666666,
      "std": 0.09860132971832693,
      "folds": [
        0.875,
        1.0,
        0.875,
        1.0,
        0.875,
        1.0,
        0.875,
        1.0,
        0.625,
        0.875,
        1.0,
        1.0,
        0.875,
        0.875,
        1.0
      ]
    },
    "AraVec_SVM_rbf": {
      "mean": 0.9083333333333333,
      "std": 0.07168604389202189,
      "folds": [
        0.875,
        1.0,
        0.875,
        1.0,
        0.875,
        1.0,
        0.875,
        1.0,
        0.875,
        0.875,
        0.875,
        1.0,
        0.875,
        0.75,
        0.875
      ]
    },
    "AraVec_RF": {
      "mean": 0.875,
      "std": 0.06454972243679027,
      "folds": [
        0.875,
        0.875,
        0.875,
        1.0,
        0.875,
        1.0,
        0.875,
        0.875,
        0.75,
        0.75,
        0.875,
        0.875,
        0.875,
        0.875,
        0.875
      ]
    }
  },
  "arabert_frozen": {
    "mean": 0.9916666666666667,
    "std": 0.031180478223116172,
    "folds": [
      1.0,
      1.0,
      1.0,
      1.0,
      1.0,
      1.0,
      1.0,
      0.875,
      1.0,
      1.0,
      1.0,
      1.0,
      1.0,
      1.0,
      1.0
    ]
  },
  "qfm_base": {
    "mean": 0.49833333333333335,
    "std": 0.060987248211773294,
    "seed_means": [
      0.4583333333333333,
      0.43333333333333335,
      0.6166666666666667,
      0.43333333333333335,
      0.4583333333333333,
      0.5333333333333333,
      0.5333333333333333,
      0.5,
      0.575,
      0.44166666666666665
    ],
    "n_circuits": 40,
    "n_valid": 40
  },
  "qfm_ancilla": {
    "mean": 0.3883333333333333,
    "std": 0.05220153254455276,
    "seed_means": [
      0.4666666666666667,
      0.3,
      0.36666666666666664,
      0.4083333333333333,
      0.39166666666666666,
      0.3333333333333333,
      0.45,
      0.45,
      0.35833333333333334,
      0.35833333333333334
    ],
    "n_circuits": 40,
    "n_valid": 40
  },
  "spsa_base": {
    "mean": 0.5266666666666666,
    "std": 0.17235299694393352,
    "all_fold_accs": [
      0.75,
      0.25,
      0.25,
      0.75,
      0.625,
      0.5,
      0.25,
      0.25,
      0.5,
      0.625,
      0.25,
      0.625,
      0.75,
      0.375,
      0.375,
      0.5,
      0.5,
      0.875,
      0.75,
      0.5,
      0.5,
      0.875,
      0.375,
      0.25,
      0.375,
      0.5,
      0.5,
      0.5,
      0.375,
      0.625,
      0.5,
      0.25,
      0.25,
      0.75,
      0.875,
      0.75,
      0.625,
      0.125,
      0.5,
      0.5,
      0.625,
      0.5,
      0.625,
      0.625,
      0.625,
      0.75,
      0.5,
      0.25,
      0.5,
      0.75,
      0.5,
      0.5,
      0.375,
      0.5,
      0.75,
      0.5,
      0.5,
      0.75,
      0.5,
      0.75,
      0.625,
      0.375,
      0.75,
      0.625,
      0.5,
      0.625,
      0.5,
      0.5,
      0.5,
      0.375,
      0.625,
      0.5,
      0.5,
      0.25,
      0.625
    ],
    "n_circuits": 40
  },
  "spsa_ancilla": {
    "mean": 0.0,
    "std": 0.0,
    "all_fold_accs": [
      0.0,
      0.0,
      0.0,
      0.0,
      0.0,
      0.0,
      0.0,
      0.0,
      0.0,
      0.0,
      0.0,
      0.0,
      0.0,
      0.0,
      0.0,
      0.0,
      0.0,
      0.0,
      0.0,
      0.0,
      0.0,
      0.0,
      0.0,
      0.0,
      0.0,
      0.0,
      0.0,
      0.0,
      0.0,
      0.0,
      0.0,
      0.0,
      0.0,
      0.0,
      0.0,
      0.0,
      0.0,
      0.0,
      0.0,
      0.0,
      0.0,
      0.0,
      0.0,
      0.0,
      0.0,
      0.0,
      0.0,
      0.0,
      0.0,
      0.0,
      0.0,
      0.0,
      0.0,
      0.0,
      0.0,
      0.0,
      0.0,
      0.0,
      0.0,
      0.0,
      0.0,
      0.0,
      0.0,
      0.0,
      0.0,
      0.0,
      0.0,
      0.0,
      0.0,
      0.0,
      0.0,
      0.0,
      0.0,
      0.0,
      0.0
    ],
    "n_circuits": 40
  }
}