{
  "verb": "قطع",
  "n": 40,
  "distribution": {
    "cut": 20,
    "sever": 20
  },
  "classical": {
    "AraVec_SVM_linear": {
      "mean": 0.9416666666666667,
      "std": 0.06236095644623237,
      "folds": [
        0.875,
        1.0,
        1.0,
        1.0,
        0.875,
        1.0,
        0.875,
        0.875,
        0.875,
        1.0,
        0.875,
        1.0,
        1.0,
        0.875,
        1.0
      ]
    },
    "AraVec_SVM_rbf": {
      "mean": 0.9416666666666667,
      "std": 0.06236095644623237,
      "folds": [
        0.875,
        1.0,
        0.875,
        1.0,
        0.875,
        1.0,
        0.875,
        1.0,
        0.875,
        1.0,
        0.875,
        1.0,
        1.0,
        0.875,
        1.0
      ]
    },
    "AraVec_RF": {
      "mean": 0.9333333333333333,
      "std": 0.07728015412913088,
      "folds": [
        0.75,
        0.875,
        1.0,
        1.0,
        1.0,
        0.875,
        0.875,
        0.875,
        0.875,
        1.0,
        1.0,
        1.0,
        1.0,
        0.875,
        1.0
      ]
    }
  },
  "arabert_frozen": {
    "mean": 1.0,
    "std": 0.0,
    "folds": [
      1.0,
      1.0,
      1.0,
      1.0,
      1.0,
      1.0,
      1.0,
      1.0,
      1.0,
      1.0,
      1.0,
      1.0,
      1.0,
      1.0,
      1.0
    ]
  },
  "qfm_base": {
    "mean": 0.5175,
    "std": 0.05956439092836144,
    "seed_means": [
      0.5083333333333333,
      0.44166666666666665,
      0.625,
      0.475,
      0.48333333333333334,
      0.6083333333333333,
      0.475,
      0.4666666666666667,
      0.5666666666666667,
      0.525
    ],
    "n_circuits": 40,
    "n_valid": 40
  },
  "qfm_ancilla": {
    "mean": 0.4933333333333333,
    "std": 0.03287180487219338,
    "seed_means": [
      0.5083333333333333,
      0.5833333333333334,
      0.48333333333333334,
      0.49166666666666664,
      0.48333333333333334,
      0.49166666666666664,
      0.49166666666666664,
      0.475,
      0.4666666666666667,
      0.4583333333333333
    ],
    "n_circuits": 40,
    "n_valid": 40
  },
  "spsa_base": {
    "mean": 0.5216666666666666,
    "std": 0.19405039437103846,
    "all_fold_accs": [
      1.0,
      0.125,
      0.375,
      0.625,
      0.625,
      0.125,
      0.5,
      0.625,
      0.75,
      0.875,
      0.625,
      0.5,
      0.5,
      0.5,
      0.75,
      0.25,
      0.375,
      0.5,
      0.375,
      0.625,
      0.5,
      0.625,
      0.375,
      0.5,
      0.625,
      0.75,
      0.875,
      0.375,
      0.5,
      0.375,
      0.375,
      0.5,
      0.375,
      0.375,
      0.125,
      0.5,
      0.625,
      0.5,
      0.75,
      0.125,
      0.75,
      0.375,
      0.625,
      0.5,
      0.375,
      0.5,
      0.125,
      0.5,
      0.625,
      0.625,
      0.625,
      0.5,
      0.375,
      0.5,
      0.375,
      0.5,
      0.625,
      0.875,
      0.875,
      0.5,
      0.25,
      0.625,
      0.5,
      0.5,
      0.5,
      0.375,
      0.5,
      0.875,
      0.5,
      0.625,
      0.25,
      0.75,
      0.75,
      0.75,
      0.25
    ],
    "n_circuits": 40
  },
  "spsa_ancilla": {
    "mean": 0.0,
    "std": 0.0,
    "all_fold_accs": [
      0.0,
      0.0,
      0.0,
      0.0,
      0.0,
      0.0,
      0.0,
      0.0,
      0.0,
      0.0,
      0.0,
      0.0,
      0.0,
      0.0,
      0.0,
      0.0,
      0.0,
      0.0,
      0.0,
      0.0,
      0.0,
      0.0,
      0.0,
      0.0,
      0.0,
      0.0,
      0.0,
      0.0,
      0.0,
      0.0,
      0.0,
      0.0,
      0.0,
      0.0,
      0.0,
      0.0,
      0.0,
      0.0,
      0.0,
      0.0,
      0.0,
      0.0,
      0.0,
      0.0,
      0.0,
      0.0,
      0.0,
      0.0,
      0.0,
      0.0,
      0.0,
      0.0,
      0.0,
      0.0,
      0.0,
      0.0,
      0.0,
      0.0,
      0.0,
      0.0,
      0.0,
      0.0,
      0.0,
      0.0,
      0.0,
      0.0,
      0.0,
      0.0,
      0.0,
      0.0,
      0.0,
      0.0,
      0.0,
      0.0,
      0.0
    ],
    "n_circuits": 40
  }
}