{
  "verb": "POOLED",
  "n": 120,
  "distribution": {
    "concrete": 60,
    "abstract": 60
  },
  "classical": {
    "AraVec_SVM_linear": {
      "mean": 0.8888888888888888,
      "std": 0.05196746370519363,
      "folds": [
        0.875,
        0.9166666666666666,
        0.8333333333333334,
        1.0,
        0.9166666666666666,
        0.875,
        0.8333333333333334,
        0.875,
        0.9166666666666666,
        0.7916666666666666,
        0.9166666666666666,
        0.9583333333333334,
        0.9166666666666666,
        0.8333333333333334,
        0.875
      ]
    },
    "AraVec_SVM_rbf": {
      "mean": 0.9416666666666668,
      "std": 0.04762896722078403,
      "folds": [
        0.9583333333333334,
        1.0,
        0.9166666666666666,
        1.0,
        0.9583333333333334,
        1.0,
        1.0,
        0.875,
        0.9583333333333334,
        0.875,
        0.9583333333333334,
        0.9583333333333334,
        0.875,
        0.9166666666666666,
        0.875
      ]
    },
    "AraVec_RF": {
      "mean": 0.8638888888888888,
      "std": 0.06712803318663652,
      "folds": [
        0.875,
        0.875,
        0.75,
        1.0,
        0.7916666666666666,
        0.8333333333333334,
        0.7916666666666666,
        0.9166666666666666,
        0.9583333333333334,
        0.7916666666666666,
        0.9166666666666666,
        0.9166666666666666,
        0.8333333333333334,
        0.8333333333333334,
        0.875
      ]
    }
  },
  "arabert_frozen": {
    "mean": 0.9805555555555557,
    "std": 0.020786985482077434,
    "folds": [
      0.9583333333333334,
      1.0,
      1.0,
      0.9583333333333334,
      1.0,
      1.0,
      0.9583333333333334,
      0.9583333333333334,
      1.0,
      0.9583333333333334,
      0.9583333333333334,
      1.0,
      1.0,
      0.9583333333333334,
      1.0
    ]
  },
  "qfm_base": {
    "mean": 0.5063888888888888,
    "std": 0.046081818004689,
    "seed_means": [
      0.4916666666666666,
      0.46944444444444444,
      0.4833333333333334,
      0.49722222222222234,
      0.6194444444444442,
      0.5416666666666666,
      0.5361111111111111,
      0.4861111111111111,
      0.49166666666666664,
      0.4472222222222222
    ],
    "n_circuits": 120,
    "n_valid": 120
  },
  "qfm_ancilla": {
    "mean": 0.49333333333333335,
    "std": 0.029507270499754424,
    "seed_means": [
      0.4777777777777778,
      0.5,
      0.49166666666666664,
      0.4416666666666666,
      0.5249999999999999,
      0.47500000000000003,
      0.5416666666666666,
      0.47222222222222227,
      0.5305555555555554,
      0.47777777777777775
    ],
    "n_circuits": 120,
    "n_valid": 120
  },
  "spsa_base": {
    "mean": 0.55,
    "std": 0.11666666666666667,
    "all_fold_accs": [
      0.5416666666666666,
      0.5416666666666666,
      0.625,
      0.5,
      0.5,
      0.375,
      0.4583333333333333,
      0.625,
      0.6666666666666666,
      0.4583333333333333,
      0.625,
      0.3333333333333333,
      0.25,
      0.4166666666666667,
      0.75,
      0.625,
      0.625,
      0.5,
      0.7083333333333334,
      0.6666666666666666,
      0.5833333333333334,
      0.7083333333333334,
      0.5,
      0.6666666666666666,
      0.6666666666666666,
      0.625,
      0.5833333333333334,
      0.6666666666666666,
      0.25,
      0.5,
      0.3333333333333333,
      0.5833333333333334,
      0.6666666666666666,
      0.5833333333333334,
      0.5,
      0.5416666666666666,
      0.625,
      0.5416666666666666,
      0.6666666666666666,
      0.5,
      0.625,
      0.4166666666666667,
      0.5416666666666666,
      0.7083333333333334,
      0.6666666666666666,
      0.5,
      0.4583333333333333,
      0.5,
      0.375,
      0.5416666666666666,
      0.5416666666666666,
      0.375,
      0.5833333333333334,
      0.5,
      0.625,
      0.5416666666666666,
      0.625,
      0.5,
      0.5416666666666666,
      0.75,
      0.5416666666666666,
      0.4166666666666667,
      0.4166666666666667,
      0.625,
      0.2916666666666667,
      0.5833333333333334,
      0.4166666666666667,
      0.7083333333333334,
      0.5416666666666666,
      0.75,
      0.7083333333333334,
      0.5416666666666666,
      0.4583333333333333,
      0.5833333333333334,
      0.6666666666666666
    ],
    "n_circuits": 120
  },
  "spsa_ancilla": {
    "mean": 0.0,
    "std": 0.0,
    "all_fold_accs": [
      0.0,
      0.0,
      0.0,
      0.0,
      0.0,
      0.0,
      0.0,
      0.0,
      0.0,
      0.0,
      0.0,
      0.0,
      0.0,
      0.0,
      0.0,
      0.0,
      0.0,
      0.0,
      0.0,
      0.0,
      0.0,
      0.0,
      0.0,
      0.0,
      0.0,
      0.0,
      0.0,
      0.0,
      0.0,
      0.0,
      0.0,
      0.0,
      0.0,
      0.0,
      0.0,
      0.0,
      0.0,
      0.0,
      0.0,
      0.0,
      0.0,
      0.0,
      0.0,
      0.0,
      0.0,
      0.0,
      0.0,
      0.0,
      0.0,
      0.0,
      0.0,
      0.0,
      0.0,
      0.0,
      0.0,
      0.0,
      0.0,
      0.0,
      0.0,
      0.0,
      0.0,
      0.0,
      0.0,
      0.0,
      0.0,
      0.0,
      0.0,
      0.0,
      0.0,
      0.0,
      0.0,
      0.0,
      0.0,
      0.0,
      0.0
    ],
    "n_circuits": 120
  }
}