{
  "exp_name": "Morphology_Tense",
  "ansatz": "IQP",
  "n_samples": 28,
  "n_classes": 2,
  "n_s_qubits": 1,
  "fold_accuracies": [
    0.8333333333333334,
    0.5,
    0.5,
    0.8,
    0.4
  ],
  "accuracy_mean": 0.6066666666666667,
  "accuracy_std": 0.1756258649642599,
  "classification_report": "              precision    recall  f1-score   support\n\n        Past       0.60      0.64      0.62        14\n        Pres       0.62      0.57      0.59        14\n\n    accuracy                           0.61        28\n   macro avg       0.61      0.61      0.61        28\nweighted avg       0.61      0.61      0.61        28\n",
  "class_list": [
    "Past",
    "Pres"
  ]
}