{
  "exp_name": "LexicalAmbiguity_6class",
  "ansatz": "Sim14",
  "n_samples": 60,
  "n_classes": 6,
  "n_s_qubits": 3,
  "fold_accuracies": [
    0.0,
    0.25,
    0.16666666666666666,
    0.08333333333333333,
    0.08333333333333333
  ],
  "accuracy_mean": 0.11666666666666665,
  "accuracy_std": 0.08498365855987976,
  "class_list": [
    "Ambiguity_Hit",
    "Ambiguity_King",
    "Ambiguity_Leg",
    "Ambiguity_Man",
    "Ambiguity_Multiply",
    "Ambiguity_Possess"
  ],
  "classification_report": "                    precision    recall  f1-score   support\n\n     Ambiguity_Hit       0.00      0.00      0.00        10\n    Ambiguity_King       0.33      0.40      0.36        10\n     Ambiguity_Leg       0.00      0.00      0.00        10\n     Ambiguity_Man       0.17      0.10      0.12        10\nAmbiguity_Multiply       0.00      0.00      0.00        10\n Ambiguity_Possess       0.22      0.20      0.21        10\n\n         micro avg       0.15      0.12      0.13        60\n         macro avg       0.12      0.12      0.12        60\n      weighted avg       0.12      0.12      0.12        60\n"
}