{
  "exp_name": "Morphology_Possession",
  "ansatz": "IQP",
  "n_samples": 66,
  "n_classes": 3,
  "n_s_qubits": 2,
  "fold_accuracies": [
    0.21428571428571427,
    0.3076923076923077,
    0.15384615384615385,
    0.3076923076923077,
    0.15384615384615385
  ],
  "accuracy_mean": 0.22747252747252747,
  "accuracy_std": 0.06911729755391818,
  "classification_report": "              precision    recall  f1-score   support\n\n    Poss_1st       0.45      0.23      0.30        22\n    Poss_2nd       0.26      0.32      0.29        22\n    Poss_3rd       0.19      0.14      0.16        22\n\n   micro avg       0.28      0.23      0.25        66\n   macro avg       0.30      0.23      0.25        66\nweighted avg       0.30      0.23      0.25        66\n",
  "class_list": [
    "Poss_1st",
    "Poss_2nd",
    "Poss_3rd"
  ]
}