{
  "SVM_linear": {
    "mean": 0.4,
    "std": 0.04249182927993988,
    "folds": [
      0.4166666666666667,
      0.4166666666666667,
      0.4583333333333333,
      0.375,
      0.3333333333333333
    ]
  },
  "SVM_rbf": {
    "mean": 0.375,
    "std": 0.05892556509887895,
    "folds": [
      0.375,
      0.4166666666666667,
      0.4583333333333333,
      0.3333333333333333,
      0.2916666666666667
    ]
  },
  "RF": {
    "mean": 0.38333333333333336,
    "std": 0.05527707983925666,
    "folds": [
      0.4166666666666667,
      0.375,
      0.4583333333333333,
      0.375,
      0.2916666666666667
    ]
  }
}