{
  "classical": {
    "SVM_linear": {
      "mean": 0.4,
      "std": 0.04249182927993988,
      "folds": [
        0.4166666666666667,
        0.4166666666666667,
        0.4583333333333333,
        0.375,
        0.3333333333333333
      ]
    },
    "SVM_rbf": {
      "mean": 0.375,
      "std": 0.05892556509887895,
      "folds": [
        0.375,
        0.4166666666666667,
        0.4583333333333333,
        0.3333333333333333,
        0.2916666666666667
      ]
    },
    "RF": {
      "mean": 0.38333333333333336,
      "std": 0.05527707983925666,
      "folds": [
        0.4166666666666667,
        0.375,
        0.4583333333333333,
        0.375,
        0.2916666666666667
      ]
    }
  },
  "quantum": [
    {
      "tag": "WordOrder/IQP/L1/seed42",
      "ansatz": "IQP",
      "n_layers": 1,
      "seed": 42,
      "n_samples": 120,
      "n_classes": 3,
      "chance": 0.3333333333333333,
      "mean": 0.25,
      "std": 0.07453559924999299,
      "folds": [
        0.375,
        0.20833333333333334,
        0.16666666666666666,
        0.20833333333333334,
        0.2916666666666667
      ],
      "report": "                   precision    recall  f1-score   support\n\nWordOrder_Nominal       0.37      0.38      0.37        40\n    WordOrder_SVO       0.16      0.07      0.10        40\n    WordOrder_VSO       0.27      0.30      0.28        40\n\n        micro avg       0.29      0.25      0.27       120\n        macro avg       0.26      0.25      0.25       120\n     weighted avg       0.26      0.25      0.25       120\n"
    },
    {
      "tag": "WordOrder/IQP/L1/seed123",
      "ansatz": "IQP",
      "n_layers": 1,
      "seed": 123,
      "n_samples": 120,
      "n_classes": 3,
      "chance": 0.3333333333333333,
      "mean": 0.35,
      "std": 0.10069204977995476,
      "folds": [
        0.2916666666666667,
        0.25,
        0.3333333333333333,
        0.3333333333333333,
        0.5416666666666666
      ],
      "report": "                   precision    recall  f1-score   support\n\nWordOrder_Nominal       0.40      0.53      0.45        40\n    WordOrder_SVO       0.35      0.17      0.23        40\n    WordOrder_VSO       0.40      0.35      0.37        40\n\n        micro avg       0.39      0.35      0.37       120\n        macro avg       0.38      0.35      0.35       120\n     weighted avg       0.38      0.35      0.35       120\n"
    },
    {
      "tag": "WordOrder/IQP/L1/seed777",
      "ansatz": "IQP",
      "n_layers": 1,
      "seed": 777,
      "n_samples": 120,
      "n_classes": 3,
      "chance": 0.3333333333333333,
      "mean": 0.31666666666666665,
      "std": 0.11666666666666665,
      "folds": [
        0.2916666666666667,
        0.20833333333333334,
        0.5416666666666666,
        0.2916666666666667,
        0.25
      ],
      "report": "                   precision    recall  f1-score   support\n\nWordOrder_Nominal       0.39      0.40      0.40        40\n    WordOrder_SVO       0.42      0.25      0.31        40\n    WordOrder_VSO       0.31      0.30      0.30        40\n\n        micro avg       0.37      0.32      0.34       120\n        macro avg       0.37      0.32      0.34       120\n     weighted avg       0.37      0.32      0.34       120\n"
    },
    {
      "tag": "WordOrder/IQP/L2/seed42",
      "ansatz": "IQP",
      "n_layers": 2,
      "seed": 42,
      "n_samples": 120,
      "n_classes": 3,
      "chance": 0.3333333333333333,
      "mean": 0.25,
      "std": 0.08333333333333334,
      "folds": [
        0.25,
        0.125,
        0.375,
        0.20833333333333334,
        0.2916666666666667
      ],
      "report": "                   precision    recall  f1-score   support\n\nWordOrder_Nominal       0.30      0.25      0.27        40\n    WordOrder_SVO       0.29      0.25      0.27        40\n    WordOrder_VSO       0.34      0.25      0.29        40\n\n        micro avg       0.31      0.25      0.28       120\n        macro avg       0.31      0.25      0.28       120\n     weighted avg       0.31      0.25      0.28       120\n"
    },
    {
      "tag": "WordOrder/IQP/L2/seed123",
      "ansatz": "IQP",
      "n_layers": 2,
      "seed": 123,
      "n_samples": 120,
      "n_classes": 3,
      "chance": 0.3333333333333333,
      "mean": 0.275,
      "std": 0.07728015412913086,
      "folds": [
        0.20833333333333334,
        0.2916666666666667,
        0.25,
        0.20833333333333334,
        0.4166666666666667
      ],
      "report": "                   precision    recall  f1-score   support\n\nWordOrder_Nominal       0.56      0.38      0.45        40\n    WordOrder_SVO       0.21      0.17      0.19        40\n    WordOrder_VSO       0.41      0.28      0.33        40\n\n        micro avg       0.38      0.28      0.32       120\n        macro avg       0.39      0.28      0.32       120\n     weighted avg       0.39      0.28      0.32       120\n"
    },
    {
      "tag": "WordOrder/IQP/L2/seed777",
      "ansatz": "IQP",
      "n_layers": 2,
      "seed": 777,
      "n_samples": 120,
      "n_classes": 3,
      "chance": 0.3333333333333333,
      "mean": 0.29166666666666663,
      "std": 0.07905694150420949,
      "folds": [
        0.16666666666666666,
        0.375,
        0.25,
        0.2916666666666667,
        0.375
      ],
      "report": "                   precision    recall  f1-score   support\n\nWordOrder_Nominal       0.44      0.30      0.36        40\n    WordOrder_SVO       0.34      0.25      0.29        40\n    WordOrder_VSO       0.38      0.33      0.35        40\n\n        micro avg       0.39      0.29      0.33       120\n        macro avg       0.39      0.29      0.33       120\n     weighted avg       0.39      0.29      0.33       120\n"
    },
    {
      "tag": "WordOrder/Sim14/L1/seed42",
      "ansatz": "Sim14",
      "n_layers": 1,
      "seed": 42,
      "n_samples": 120,
      "n_classes": 3,
      "chance": 0.3333333333333333,
      "mean": 0.25,
      "std": 0.05892556509887896,
      "folds": [
        0.3333333333333333,
        0.16666666666666666,
        0.2916666666666667,
        0.20833333333333334,
        0.25
      ],
      "report": "                   precision    recall  f1-score   support\n\nWordOrder_Nominal       0.36      0.30      0.33        40\n    WordOrder_SVO       0.33      0.30      0.32        40\n    WordOrder_VSO       0.27      0.15      0.19        40\n\n        micro avg       0.33      0.25      0.28       120\n        macro avg       0.32      0.25      0.28       120\n     weighted avg       0.32      0.25      0.28       120\n"
    },
    {
      "tag": "WordOrder/Sim14/L1/seed123",
      "ansatz": "Sim14",
      "n_layers": 1,
      "seed": 123,
      "n_samples": 120,
      "n_classes": 3,
      "chance": 0.3333333333333333,
      "mean": 0.2583333333333333,
      "std": 0.11606990230986766,
      "folds": [
        0.125,
        0.16666666666666666,
        0.375,
        0.4166666666666667,
        0.20833333333333334
      ],
      "report": "                   precision    recall  f1-score   support\n\nWordOrder_Nominal       0.34      0.35      0.35        40\n    WordOrder_SVO       0.33      0.20      0.25        40\n    WordOrder_VSO       0.38      0.23      0.28        40\n\n        micro avg       0.35      0.26      0.30       120\n        macro avg       0.35      0.26      0.29       120\n     weighted avg       0.35      0.26      0.29       120\n"
    },
    {
      "tag": "WordOrder/Sim14/L1/seed777",
      "ansatz": "Sim14",
      "n_layers": 1,
      "seed": 777,
      "n_samples": 120,
      "n_classes": 3,
      "chance": 0.3333333333333333,
      "mean": 0.25833333333333336,
      "std": 0.08079466429027214,
      "folds": [
        0.2916666666666667,
        0.375,
        0.25,
        0.125,
        0.25
      ],