{
  "tag": "WordOrder/IQP/L2/seed777",
  "ansatz": "IQP",
  "n_layers": 2,
  "seed": 777,
  "n_samples": 120,
  "n_classes": 3,
  "chance": 0.3333333333333333,
  "mean": 0.29166666666666663,
  "std": 0.07905694150420949,
  "folds": [
    0.16666666666666666,
    0.375,
    0.25,
    0.2916666666666667,
    0.375
  ],
  "report": "                   precision    recall  f1-score   support\n\nWordOrder_Nominal       0.44      0.30      0.36        40\n    WordOrder_SVO       0.34      0.25      0.29        40\n    WordOrder_VSO       0.38      0.33      0.35        40\n\n        micro avg       0.39      0.29      0.33       120\n        macro avg       0.39      0.29      0.33       120\n     weighted avg       0.39      0.29      0.33       120\n"
}