{
  "tag": "WordOrder/Sim14/L1/seed42",
  "ansatz": "Sim14",
  "n_layers": 1,
  "seed": 42,
  "n_samples": 120,
  "n_classes": 3,
  "chance": 0.3333333333333333,
  "mean": 0.25,
  "std": 0.05892556509887896,
  "folds": [
    0.3333333333333333,
    0.16666666666666666,
    0.2916666666666667,
    0.20833333333333334,
    0.25
  ],
  "report": "                   precision    recall  f1-score   support\n\nWordOrder_Nominal       0.36      0.30      0.33        40\n    WordOrder_SVO       0.33      0.30      0.32        40\n    WordOrder_VSO       0.27      0.15      0.19        40\n\n        micro avg       0.33      0.25      0.28       120\n        macro avg       0.32      0.25      0.28       120\n     weighted avg       0.32      0.25      0.28       120\n"
}