{
  "tag": "WordOrder/Sim14/L1/seed123",
  "ansatz": "Sim14",
  "n_layers": 1,
  "seed": 123,
  "n_samples": 120,
  "n_classes": 3,
  "chance": 0.3333333333333333,
  "mean": 0.2583333333333333,
  "std": 0.11606990230986766,
  "folds": [
    0.125,
    0.16666666666666666,
    0.375,
    0.4166666666666667,
    0.20833333333333334
  ],
  "report": "                   precision    recall  f1-score   support\n\nWordOrder_Nominal       0.34      0.35      0.35        40\n    WordOrder_SVO       0.33      0.20      0.25        40\n    WordOrder_VSO       0.38      0.23      0.28        40\n\n        micro avg       0.35      0.26      0.30       120\n        macro avg       0.35      0.26      0.29       120\n     weighted avg       0.35      0.26      0.29       120\n"
}