{
  "tag": "WordOrder/Sim14/L2/seed777",
  "ansatz": "Sim14",
  "n_layers": 2,
  "seed": 777,
  "n_samples": 120,
  "n_classes": 3,
  "chance": 0.3333333333333333,
  "mean": 0.275,
  "std": 0.06236095644623235,
  "folds": [
    0.3333333333333333,
    0.3333333333333333,
    0.16666666666666666,
    0.25,
    0.2916666666666667
  ],
  "report": "                   precision    recall  f1-score   support\n\nWordOrder_Nominal       0.50      0.40      0.44        40\n    WordOrder_SVO       0.37      0.25      0.30        40\n    WordOrder_VSO       0.27      0.17      0.21        40\n\n        micro avg       0.39      0.28      0.32       120\n        macro avg       0.38      0.27      0.32       120\n     weighted avg       0.38      0.28      0.32       120\n"
}