{
  "tag": "WordOrder/Sim14/L2/seed42",
  "ansatz": "Sim14",
  "n_layers": 2,
  "seed": 42,
  "n_samples": 120,
  "n_classes": 3,
  "chance": 0.3333333333333333,
  "mean": 0.26666666666666666,
  "std": 0.056519416526043906,
  "folds": [
    0.2916666666666667,
    0.3333333333333333,
    0.16666666666666666,
    0.2916666666666667,
    0.25
  ],
  "report": "                   precision    recall  f1-score   support\n\nWordOrder_Nominal       0.44      0.42      0.43        40\n    WordOrder_SVO       0.32      0.25      0.28        40\n    WordOrder_VSO       0.25      0.12      0.17        40\n\n        micro avg       0.36      0.27      0.30       120\n        macro avg       0.34      0.27      0.29       120\n     weighted avg       0.34      0.27      0.29       120\n"
}