{
  "TaskA_WordOrder": {
    "task": "WordOrder_SVO_vs_VSO",
    "n_samples": 120,
    "n_classes": 2,
    "chance": 0.5,
    "AraVec": {
      "method": "AraVec",
      "mean": 0.12777777777777777,
      "std": 0.04427049291808119,
      "folds": [
        0.08333333333333333,
        0.125,
        0.125,
        0.041666666666666664,
        0.08333333333333333,
        0.125,
        0.08333333333333333,
        0.125,
        0.16666666666666666,
        0.16666666666666666,
        0.125,
        0.20833333333333334,
        0.125,
        0.125,
        0.20833333333333334
      ]
    },
    "AraBERT_frozen": {
      "method": "AraBERT_frozen",
      "mean": 0.8611111111111112,
      "std": 0.05196746370519364,
      "folds": [
        0.7916666666666666,
        0.8333333333333334,
        0.8333333333333334,
        0.9583333333333334,
        0.8333333333333334,
        0.875,
        0.875,
        0.7916666666666666,
        0.7916666666666666,
        0.8333333333333334,
        0.875,
        0.9583333333333334,
        0.875,
        0.875,
        0.9166666666666666
      ]
    },
    "AraBERT_finetuned": {
      "method": "AraBERT_finetuned",
      "mean": 0.5,
      "std": 0.0,
      "per_seed": [
        0.5,
        0.5,
        0.5,
        0.5,
        0.5
      ]
    },
    "topology_only": {
      "method": "topology_only",
      "mean": 0.35833333333333334,
      "std": 0.0,
      "folds": [
        0.35833333333333334,
        0.35833333333333334,
        0.35833333333333334,
        0.35833333333333334,
        0.35833333333333334
      ],
      "n_valid": 120
    },
    "QFM_IQP_L1": {
      "method": "QFM_IQP_L1",
      "n_layers": 1,
      "mean": 0.6491666666666667,
      "std": 0.031501763619059674,
      "per_seed": [
        0.6583333333333333,
        0.6583333333333333,
        0.6583333333333333,
        0.6416666666666667,
        0.675,
        0.6666666666666667,
        0.5583333333333333,
        0.6666666666666667,
        0.6583333333333333,
        0.65
      ]
    },
    "QFM_IQP_L2": {
      "method": "QFM_IQP_L2",
      "n_layers": 2,
      "mean": 0.6183333333333334,
      "std": 0.019293061504650384,
      "per_seed": [
        0.6166666666666667,
        0.6083333333333333,
        0.6333333333333334,
        0.6166666666666666,
        0.6166666666666667,
        0.6166666666666667,
        0.6,
        0.5833333333333334,
        0.6333333333333334,
        0.6583333333333333
      ]
    },
    "QFM_IQP_L0": {
      "method": "QFM_IQP_L0",
      "n_layers": 0,
      "mean": 0.5,
      "std": 0.0,
      "per_seed": [
        0.5,
        0.5,
        0.5,
        0.5,
        0.5,
        0.5,
        0.5,
        0.5,
        0.5,
        0.5
      ]
    },
    "SPSA_IQP_L1": {
      "method": "SPSA_IQP_L1",
      "n_layers": 1,
      "mean": 0.5383333333333333,
      "std": 0.019436506316150966,
      "per_seed": [
        0.5499999999999999,
        0.5416666666666666,
        0.5166666666666667,
        0.5666666666666667,
        0.5166666666666667
      ],
      "ci95": [
        0.5216666666666667,
        0.5549999999999999
      ]
    }
  },
  "TaskB_Tense": {
    "task": "Tense_Past_vs_Present",
    "n_samples": 100,
    "n_classes": 2,
    "chance": 0.5,
    "AraVec": {
      "method": "AraVec",
      "mean": 0.8699999999999999,
      "std": 0.08717797887081348,
      "folds": [
        0.75,
        0.7,
        0.9,
        0.75,
        1.0,
        0.95,
        0.8,
        0.85,
        0.85,
        0.9,
        0.9,
        0.95,
        0.9,
        0.85,
        1.0
      ]
    },
    "AraBERT_frozen": {
      "method": "AraBERT_frozen",
      "mean": 0.92,
      "std": 0.043969686527576386,
      "folds": [
        0.9,
        0.95,
        0.85,
        0.95,
        0.95,
        1.0,
        0.9,
        0.9,
        0.9,
        0.9,
        0.95,
        0.9,
        0.9,
        1.0,
        0.85
      ]
    },
    "AraBERT_finetuned": {
      "method": "AraBERT_finetuned",
      "mean": 0.5,
      "std": 0.0,
      "per_seed": [
        0.5,
        0.5,
        0.5,
        0.5,
        0.5
      ]
    },
    "topology_only": {
      "method": "topology_only",
      "mean": 0.6,
      "std": 0.0,
      "folds": [
        0.6,
        0.6,
        0.6,
        0.6,
        0.6
      ],
      "n_valid": 100
    },
    "QFM_IQP_L1": {
      "method": "QFM_IQP_L1",
      "n_layers": 1,
      "mean": 0.5599999999999999,
      "std": 0.02792848008753788,
      "per_seed": [
        0.6,
        0.6,
        0.5599999999999999,
        0.58,
        0.53,
        0.5599999999999999,
        0.57,
        0.5199999999999999,
        0.52,
        0.56
      ]
    },
    "QFM_IQP_L2": {
      "method": "QFM_IQP_L2",
      "n_layers": 2,
      "mean": 0.4880000000000001,
      "std": 0.04331281565541544,
      "per_seed": [
        0.47000000000000003,
        0.48999999999999994,
        0.5,
        0.45999999999999996,
        0.5700000000000001,
        0.43,
        0.4200000000000001,
        0.53,
        0.5200000000000001,
        0.49000000000000005
      ]
    },
    "QFM_IQP_L0": {
      "method": "QFM_IQP_L0",
      "n_layers": 0,
      "mean": 0.5,
      "std": 0.0,
      "per_seed": [
        0.5,
        0.5,
        0.5,
        0.5,
        0.5,
        0.5,
        0.5,
        0.5,
        0.5,
        0.5
      ]
    },
    "SPSA_IQP_L1": {
      "method": "SPSA_IQP_L1",
      "n_layers": 1,
      "mean": 0.4680000000000001,
      "std": 0.046216880033165375,
      "per_seed": [
        0.4,
        0.49000000000000005,
        0.54,
        0.4600000000000001,
        0.45
      ],
      "ci95": [
        0.42400000000000004,
        0.506
      ]
    }
  },
  "TaskC_King_Possess": {
    "task": "King_vs_Possess",
    "n_samples": 30,
    "n_classes": 2,
    "chance": 0.5,
    "AraVec": {
      "method": "AraVec",
      "mean": 0.9888888888888889,
      "std": 0.041573970964154904,
      "folds": [
        1.0,
        1.0,
        1.0,
        1.0,
        1.0,
        1.0,
        0.8333333333333334,
        1.0,
        1.0,
        1.0,
        1.0,
        1.0,
        1.0,
        1.0,
        1.0
      ]
    },
    "AraBERT_frozen": {
      "method": "AraBERT_frozen",
      "mean": 1.0,
      "std": 0.0,
      "folds": [
        1.0,
        1.0,
        1.0,
        1.0,
        1.0,
        1.0,
        1.0,
        1.0,
        1.0,
        1.0,
        1.0,
        1.0,
        1.0,
        1.0,
        1.0
      ]
    },
    "AraBERT_finetuned": {
      "method": "AraBERT_finetuned",
      "mean": 0.5,
      "std": 0.0,
      "per_seed": [
        0.5,
        0.5,
        0.5,
        0.5,
        0.5
      ]
    },
    "topology_only": {
      "method": "topology_only",
      "mean": 0.5333333333333333,
      "std": 0.0,
      "folds": [
        0.5333333333333333,
        0.5333333333333333,
        0.5333333333333333,
        0.5333333333333333,
        0.5333333333333333
      ],
      "n_valid": 30
    },
    "QFM_IQP_L1": {
      "method": "QFM_IQP_L1",
      "n_layers": 1,
      "mean": 0.48666666666666664,
      "std": 0.07333333333333333,
      "per_seed": [
        0.5333333333333333,
        0.6,
        0.4333333333333333,
        0.4666666666666666,
        0.4333333333333333,
        0.5333333333333334,
        0.4333333333333333,
        0.5999999999999999,
        0.4666666666666666,
        0.36666666666666664
      ]
    },
    "QFM_IQP_L2": {
      "method": "QFM_IQP_L2",
      "n_layers": 2,
      "mean": 0.44333333333333336,
      "std": 0.08034647195462634,
      "per_seed": [
        0.39999999999999997,
        0.4,
        0.36666666666666664,
        0.4,
        0.5666666666666667,
        0.29999999999999993,
        0.5333333333333333,
        0.4666666666666667,
        0.4666666666666666,
        0.5333333333333333
      ]
    },
    "QFM_IQP_L0": {
      "method": "QFM_IQP_L0",
      "n_layers": 0,