{
  "AraVec": {
    "5": {
      "mean": 0.45999999999999996,
      "std": 0.007272727272727275,
      "n_trials": 10
    },
    "10": {
      "mean": 0.41899999999999993,
      "std": 0.010440306508910549,
      "n_trials": 10
    },
    "20": {
      "mean": 0.33999999999999997,
      "std": 0.02783882181415011,
      "n_trials": 10
    },
    "40": {
      "mean": 0.185,
      "std": 0.03201562118716425,
      "n_trials": 10
    }
  },
  "AraBERT_frozen": {
    "5": {
      "mean": 0.6427272727272728,
      "std": 0.08861188473169095,
      "n_trials": 10
    },
    "10": {
      "mean": 0.6809999999999999,
      "std": 0.041581245772583576,
      "n_trials": 10
    },
    "20": {
      "mean": 0.68625,
      "std": 0.08224392074797991,
      "n_trials": 10
    },
    "40": {
      "mean": 0.8100000000000002,
      "std": 0.051478150704935,
      "n_trials": 10
    }
  },
  "QFM_IQP_L1": {
    "5": {
      "mean": 0.5627272727272727,
      "std": 0.08976093133088824,
      "n_trials": 10
    },
    "10": {
      "mean": 0.5820000000000001,
      "std": 0.06257795138864806,
      "n_trials": 10
    },
    "20": {
      "mean": 0.6,
      "std": 0.0518411033833193,
      "n_trials": 10
    },
    "40": {
      "mean": 0.6675000000000001,
      "std": 0.058148516748065024,
      "n_trials": 10
    }
  },
  "QFM_IQP_L2": {
    "5": {
      "mean": 0.5254545454545455,
      "std": 0.06897118813960239,
      "n_trials": 10
    },
    "10": {
      "mean": 0.5660000000000001,
      "std": 0.063118935352238,
      "n_trials": 10
    },
    "20": {
      "mean": 0.58125,
      "std": 0.04584280205223061,
      "n_trials": 10
    },
    "40": {
      "mean": 0.6375000000000001,
      "std": 0.07925433742073681,
      "n_trials": 10
    }
  }
}