{
  "task": "King_vs_Possess",
  "n_samples": 30,
  "n_classes": 2,
  "chance": 0.5,
  "AraVec": {
    "method": "AraVec",
    "mean": 0.9888888888888889,
    "std": 0.041573970964154904,
    "folds": [
      1.0,
      1.0,
      1.0,
      1.0,
      1.0,
      1.0,
      0.8333333333333334,
      1.0,
      1.0,
      1.0,
      1.0,
      1.0,
      1.0,
      1.0,
      1.0
    ]
  },
  "AraBERT_frozen": {
    "method": "AraBERT_frozen",
    "mean": 1.0,
    "std": 0.0,
    "folds": [
      1.0,
      1.0,
      1.0,
      1.0,
      1.0,
      1.0,
      1.0,
      1.0,
      1.0,
      1.0,
      1.0,
      1.0,
      1.0,
      1.0,
      1.0
    ]
  },
  "AraBERT_finetuned": {
    "method": "AraBERT_finetuned",
    "mean": 0.5,
    "std": 0.0,
    "per_seed": [
      0.5,
      0.5,
      0.5,
      0.5,
      0.5
    ]
  },
  "topology_only": {
    "method": "topology_only",
    "mean": 0.5333333333333333,
    "std": 0.0,
    "folds": [
      0.5333333333333333,
      0.5333333333333333,
      0.5333333333333333,
      0.5333333333333333,
      0.5333333333333333
    ],
    "n_valid": 30
  },
  "QFM_IQP_L1": {
    "method": "QFM_IQP_L1",
    "n_layers": 1,
    "mean": 0.48666666666666664,
    "std": 0.07333333333333333,
    "per_seed": [
      0.5333333333333333,
      0.6,
      0.4333333333333333,
      0.4666666666666666,
      0.4333333333333333,
      0.5333333333333334,
      0.4333333333333333,
      0.5999999999999999,
      0.4666666666666666,
      0.36666666666666664
    ]
  },
  "QFM_IQP_L2": {
    "method": "QFM_IQP_L2",
    "n_layers": 2,
    "mean": 0.44333333333333336,
    "std": 0.08034647195462634,
    "per_seed": [
      0.39999999999999997,
      0.4,
      0.36666666666666664,
      0.4,
      0.5666666666666667,
      0.29999999999999993,
      0.5333333333333333,
      0.4666666666666667,
      0.4666666666666666,
      0.5333333333333333
    ]
  },
  "QFM_IQP_L0": {
    "method": "QFM_IQP_L0",
    "n_layers": 0,
    "mean": 0.5,
    "std": 0.0,
    "per_seed": [
      0.5,
      0.5,
      0.5,
      0.5,
      0.5,
      0.5,
      0.5,
      0.5,
      0.5,
      0.5
    ]
  },
  "SPSA_IQP_L1": {
    "method": "SPSA_IQP_L1",
    "n_layers": 1,
    "mean": 0.6333333333333334,
    "std": 0.05962847939999439,
    "per_seed": [
      0.5666666666666667,
      0.6666666666666667,
      0.6,
      0.6,
      0.7333333333333333
    ],
    "ci95": [
      0.5866666666666667,
      0.6866666666666668
    ]
  }
}