{
  "task": "WordOrder_SVO_vs_VSO",
  "n_samples": 120,
  "n_classes": 2,
  "chance": 0.5,
  "AraVec": {
    "method": "AraVec",
    "mean": 0.12777777777777777,
    "std": 0.04427049291808119,
    "folds": [
      0.08333333333333333,
      0.125,
      0.125,
      0.041666666666666664,
      0.08333333333333333,
      0.125,
      0.08333333333333333,
      0.125,
      0.16666666666666666,
      0.16666666666666666,
      0.125,
      0.20833333333333334,
      0.125,
      0.125,
      0.20833333333333334
    ]
  },
  "AraBERT_frozen": {
    "method": "AraBERT_frozen",
    "mean": 0.8611111111111112,
    "std": 0.05196746370519364,
    "folds": [
      0.7916666666666666,
      0.8333333333333334,
      0.8333333333333334,
      0.9583333333333334,
      0.8333333333333334,
      0.875,
      0.875,
      0.7916666666666666,
      0.7916666666666666,
      0.8333333333333334,
      0.875,
      0.9583333333333334,
      0.875,
      0.875,
      0.9166666666666666
    ]
  },
  "AraBERT_finetuned": {
    "method": "AraBERT_finetuned",
    "mean": 0.5,
    "std": 0.0,
    "per_seed": [
      0.5,
      0.5,
      0.5,
      0.5,
      0.5
    ]
  },
  "topology_only": {
    "method": "topology_only",
    "mean": 0.35833333333333334,
    "std": 0.0,
    "folds": [
      0.35833333333333334,
      0.35833333333333334,
      0.35833333333333334,
      0.35833333333333334,
      0.35833333333333334
    ],
    "n_valid": 120
  },
  "QFM_IQP_L1": {
    "method": "QFM_IQP_L1",
    "n_layers": 1,
    "mean": 0.6491666666666667,
    "std": 0.031501763619059674,
    "per_seed": [
      0.6583333333333333,
      0.6583333333333333,
      0.6583333333333333,
      0.6416666666666667,
      0.675,
      0.6666666666666667,
      0.5583333333333333,
      0.6666666666666667,
      0.6583333333333333,
      0.65
    ]
  },
  "QFM_IQP_L2": {
    "method": "QFM_IQP_L2",
    "n_layers": 2,
    "mean": 0.6183333333333334,
    "std": 0.019293061504650384,
    "per_seed": [
      0.6166666666666667,
      0.6083333333333333,
      0.6333333333333334,
      0.6166666666666666,
      0.6166666666666667,
      0.6166666666666667,
      0.6,
      0.5833333333333334,
      0.6333333333333334,
      0.6583333333333333
    ]
  },
  "QFM_IQP_L0": {
    "method": "QFM_IQP_L0",
    "n_layers": 0,
    "mean": 0.5,
    "std": 0.0,
    "per_seed": [
      0.5,
      0.5,
      0.5,
      0.5,
      0.5,
      0.5,
      0.5,
      0.5,
      0.5,
      0.5
    ]
  },
  "SPSA_IQP_L1": {
    "method": "SPSA_IQP_L1",
    "n_layers": 1,
    "mean": 0.5383333333333333,
    "std": 0.019436506316150966,
    "per_seed": [
      0.5499999999999999,
      0.5416666666666666,
      0.5166666666666667,
      0.5666666666666667,
      0.5166666666666667
    ],
    "ci95": [
      0.5216666666666667,
      0.5549999999999999
    ]
  }
}