{
  "task": "Tense_Past_vs_Present",
  "n_samples": 100,
  "n_classes": 2,
  "chance": 0.5,
  "AraVec": {
    "method": "AraVec",
    "mean": 0.8699999999999999,
    "std": 0.08717797887081348,
    "folds": [
      0.75,
      0.7,
      0.9,
      0.75,
      1.0,
      0.95,
      0.8,
      0.85,
      0.85,
      0.9,
      0.9,
      0.95,
      0.9,
      0.85,
      1.0
    ]
  },
  "AraBERT_frozen": {
    "method": "AraBERT_frozen",
    "mean": 0.92,
    "std": 0.043969686527576386,
    "folds": [
      0.9,
      0.95,
      0.85,
      0.95,
      0.95,
      1.0,
      0.9,
      0.9,
      0.9,
      0.9,
      0.95,
      0.9,
      0.9,
      1.0,
      0.85
    ]
  },
  "AraBERT_finetuned": {
    "method": "AraBERT_finetuned",
    "mean": 0.5,
    "std": 0.0,
    "per_seed": [
      0.5,
      0.5,
      0.5,
      0.5,
      0.5
    ]
  },
  "topology_only": {
    "method": "topology_only",
    "mean": 0.6,
    "std": 0.0,
    "folds": [
      0.6,
      0.6,
      0.6,
      0.6,
      0.6
    ],
    "n_valid": 100
  },
  "QFM_IQP_L1": {
    "method": "QFM_IQP_L1",
    "n_layers": 1,
    "mean": 0.5599999999999999,
    "std": 0.02792848008753788,
    "per_seed": [
      0.6,
      0.6,
      0.5599999999999999,
      0.58,
      0.53,
      0.5599999999999999,
      0.57,
      0.5199999999999999,
      0.52,
      0.56
    ]
  },
  "QFM_IQP_L2": {
    "method": "QFM_IQP_L2",
    "n_layers": 2,
    "mean": 0.4880000000000001,
    "std": 0.04331281565541544,
    "per_seed": [
      0.47000000000000003,
      0.48999999999999994,
      0.5,
      0.45999999999999996,
      0.5700000000000001,
      0.43,
      0.4200000000000001,
      0.53,
      0.5200000000000001,
      0.49000000000000005
    ]
  },
  "QFM_IQP_L0": {
    "method": "QFM_IQP_L0",
    "n_layers": 0,
    "mean": 0.5,
    "std": 0.0,
    "per_seed": [
      0.5,
      0.5,
      0.5,
      0.5,
      0.5,
      0.5,
      0.5,
      0.5,
      0.5,
      0.5
    ]
  },
  "SPSA_IQP_L1": {
    "method": "SPSA_IQP_L1",
    "n_layers": 1,
    "mean": 0.4680000000000001,
    "std": 0.046216880033165375,
    "per_seed": [
      0.4,
      0.49000000000000005,
      0.54,
      0.4600000000000001,
      0.45
    ],
    "ci95": [
      0.42400000000000004,
      0.506
    ]
  }
}