{
  "exp_name": "Morphology_Number",
  "ansatz": "Sim14",
  "n_samples": 98,
  "n_classes": 3,
  "n_s_qubits": 2,
  "fold_accuracies": [
    0.35,
    0.2,
    0.35,
    0.2631578947368421,
    0.21052631578947367
  ],
  "accuracy_mean": 0.27473684210526317,
  "accuracy_std": 0.06507187587945282,
  "class_list": [
    "Du",
    "Pl",
    "Sg"
  ],
  "classification_report": "              precision    recall  f1-score   support\n\n          Du       0.33      0.41      0.37        22\n          Pl       0.48      0.21      0.29        47\n          Sg       0.31      0.28      0.29        29\n\n   micro avg       0.36      0.28      0.31        98\n   macro avg       0.37      0.30      0.32        98\nweighted avg       0.39      0.28      0.31        98\n"
}