{
  "exp_name": "Binary_King_Possess",
  "ansatz": "Sim14",
  "n_samples": 30,
  "n_classes": 2,
  "chance": 0.5,
  "n_folds": 5,
  "mean": 0.4,
  "std": 0.22607766610417562,
  "folds": [
    0.8333333333333334,
    0.3333333333333333,
    0.3333333333333333,
    0.3333333333333333,
    0.16666666666666666
  ],
  "report": "                   precision    recall  f1-score   support\n\n   Ambiguity_King       0.40      0.40      0.40        15\nAmbiguity_Possess       0.40      0.40      0.40        15\n\n         accuracy                           0.40        30\n        macro avg       0.40      0.40      0.40        30\n     weighted avg       0.40      0.40      0.40        30\n"
}