{
  "exp_name": "Binary_Eye_Spring",
  "ansatz": "IQP",
  "n_samples": 30,
  "n_classes": 2,
  "chance": 0.5,
  "n_folds": 5,
  "mean": 0.6333333333333334,
  "std": 0.19436506316151003,
  "folds": [
    0.8333333333333334,
    0.5,
    0.8333333333333334,
    0.3333333333333333,
    0.6666666666666666
  ],
  "report": "                  precision    recall  f1-score   support\n\n   Ambiguity_Eye       0.64      0.60      0.62        15\nAmbiguity_Spring       0.62      0.67      0.65        15\n\n        accuracy                           0.63        30\n       macro avg       0.63      0.63      0.63        30\n    weighted avg       0.63      0.63      0.63        30\n"
}