{
  "exp_name": "Binary_King_Possess",
  "ansatz": "IQP",
  "n_samples": 30,
  "n_classes": 2,
  "chance": 0.5,
  "n_folds": 5,
  "mean": 0.5333333333333333,
  "std": 0.1632993161855452,
  "folds": [
    0.6666666666666666,
    0.6666666666666666,
    0.3333333333333333,
    0.3333333333333333,
    0.6666666666666666
  ],
  "report": "                   precision    recall  f1-score   support\n\n   Ambiguity_King       0.52      0.80      0.63        15\nAmbiguity_Possess       0.57      0.27      0.36        15\n\n         accuracy                           0.53        30\n        macro avg       0.55      0.53      0.50        30\n     weighted avg       0.55      0.53      0.50        30\n"
}