{
  "exp_name": "Binary_Camel_Sentences",
  "ansatz": "Sim14",
  "n_samples": 30,
  "n_classes": 2,
  "chance": 0.5,
  "n_folds": 5,
  "mean": 0.3,
  "std": 0.2449489742783178,
  "folds": [
    0.5,
    0.16666666666666666,
    0.6666666666666666,
    0.0,
    0.16666666666666666
  ],
  "report": "                     precision    recall  f1-score   support\n\n    Ambiguity_Camel       0.31      0.33      0.32        15\nAmbiguity_Sentences       0.29      0.27      0.28        15\n\n           accuracy                           0.30        30\n          macro avg       0.30      0.30      0.30        30\n       weighted avg       0.30      0.30      0.30        30\n"
}