{
  "exp_name": "Binary_Hit_Multiply",
  "ansatz": "Sim14",
  "n_samples": 30,
  "n_classes": 2,
  "chance": 0.5,
  "n_folds": 5,
  "mean": 0.36666666666666664,
  "std": 0.12472191289246472,
  "folds": [
    0.5,
    0.3333333333333333,
    0.3333333333333333,
    0.5,
    0.16666666666666666
  ],
  "report": "                    precision    recall  f1-score   support\n\n     Ambiguity_Hit       0.36      0.33      0.34        15\nAmbiguity_Multiply       0.38      0.40      0.39        15\n\n          accuracy                           0.37        30\n         macro avg       0.37      0.37      0.37        30\n      weighted avg       0.37      0.37      0.37        30\n"
}