{
  "exp_name": "Binary_Camel_Sentences",
  "ansatz": "IQP",
  "n_samples": 30,
  "n_classes": 2,
  "chance": 0.5,
  "n_folds": 5,
  "mean": 0.39999999999999997,
  "std": 0.16996731711975951,
  "folds": [
    0.3333333333333333,
    0.16666666666666666,
    0.5,
    0.6666666666666666,
    0.3333333333333333
  ],
  "report": "                     precision    recall  f1-score   support\n\n    Ambiguity_Camel       0.42      0.53      0.47        15\nAmbiguity_Sentences       0.36      0.27      0.31        15\n\n           accuracy                           0.40        30\n          macro avg       0.39      0.40      0.39        30\n       weighted avg       0.39      0.40      0.39        30\n"
}