{
  "exp_name": "Binary_Open_Conquer",
  "ansatz": "IQP",
  "n_samples": 30,
  "n_classes": 2,
  "chance": 0.5,
  "n_folds": 5,
  "mean": 0.4,
  "std": 0.1699673171197595,
  "folds": [
    0.3333333333333333,
    0.16666666666666666,
    0.5,
    0.3333333333333333,
    0.6666666666666666
  ],
  "report": "                   precision    recall  f1-score   support\n\nAmbiguity_Conquer       0.41      0.47      0.44        15\n   Ambiguity_Open       0.38      0.33      0.36        15\n\n         accuracy                           0.40        30\n        macro avg       0.40      0.40      0.40        30\n     weighted avg       0.40      0.40      0.40        30\n"
}