{
  "exp_name": "Binary_Eye_Spring",
  "ansatz": "Sim14",
  "n_samples": 30,
  "n_classes": 2,
  "chance": 0.5,
  "n_folds": 5,
  "mean": 0.5666666666666667,
  "std": 0.16996731711975951,
  "folds": [
    0.6666666666666666,
    0.5,
    0.3333333333333333,
    0.5,
    0.8333333333333334
  ],
  "report": "                  precision    recall  f1-score   support\n\n   Ambiguity_Eye       0.60      0.40      0.48        15\nAmbiguity_Spring       0.55      0.73      0.63        15\n\n        accuracy                           0.57        30\n       macro avg       0.57      0.57      0.55        30\n    weighted avg       0.57      0.57      0.55        30\n"
}