{
  "exp_name": "Binary_Open_Conquer",
  "ansatz": "Sim14",
  "n_samples": 30,
  "n_classes": 2,
  "chance": 0.5,
  "n_folds": 5,
  "mean": 0.4666666666666666,
  "std": 0.19436506316151,
  "folds": [
    0.3333333333333333,
    0.16666666666666666,
    0.6666666666666666,
    0.5,
    0.6666666666666666
  ],
  "report": "                   precision    recall  f1-score   support\n\nAmbiguity_Conquer       0.47      0.47      0.47        15\n   Ambiguity_Open       0.47      0.47      0.47        15\n\n         accuracy                           0.47        30\n        macro avg       0.47      0.47      0.47        30\n     weighted avg       0.47      0.47      0.47        30\n"
}