{
  "total_experiments": 15,
  "results": [
    {
      "exp_name": "WordOrder",
      "ansatz": "IQP",
      "n_samples": 45,
      "n_classes": 3,
      "n_s_qubits": 2,
      "fold_accuracies": [
        0.3333333333333333,
        0.0,
        0.3333333333333333,
        0.1111111111111111,
        0.2222222222222222
      ],
      "accuracy_mean": 0.19999999999999998,
      "accuracy_std": 0.12957670877434002,
      "classification_report": "                   precision    recall  f1-score   support\n\nWordOrder_Nominal       0.33      0.27      0.30        15\n    WordOrder_SVO       0.31      0.27      0.29        15\n    WordOrder_VSO       0.12      0.07      0.09        15\n\n        micro avg       0.27      0.20      0.23        45\n        macro avg       0.26      0.20      0.22        45\n     weighted avg       0.26      0.20      0.22        45\n",
      "class_list": [
        "WordOrder_Nominal",
        "WordOrder_SVO",
        "WordOrder_VSO"
      ]
    },
    {
      "exp_name": "WordOrder",
      "ansatz": "StronglyEntangling",
      "n_samples": 45,
      "n_classes": 3,
      "n_s_qubits": 2,
      "fold_accuracies": [
        0.1111111111111111,
        0.3333333333333333,
        0.3333333333333333,
        0.1111111111111111,
        0.3333333333333333
      ],
      "accuracy_mean": 0.2444444444444444,
      "accuracy_std": 0.10886621079036347,
      "classification_report": "                   precision    recall  f1-score   support\n\nWordOrder_Nominal       0.36      0.33      0.34        15\n    WordOrder_SVO       0.30      0.20      0.24        15\n    WordOrder_VSO       0.43      0.20      0.27        15\n\n        micro avg       0.35      0.24      0.29        45\n        macro avg       0.36      0.24      0.29        45\n     weighted avg       0.36      0.24      0.29        45\n",
      "class_list": [
        "WordOrder_Nominal",
        "WordOrder_SVO",
        "WordOrder_VSO"
      ]
    },
    {
      "exp_name": "WordOrder",
      "ansatz": "Sim14",
      "n_samples": 45,
      "n_classes": 3,
      "n_s_qubits": 2,
      "fold_accuracies": [
        0.0,
        0.1111111111111111,
        0.3333333333333333,
        0.2222222222222222,
        0.1111111111111111
      ],
      "accuracy_mean": 0.15555555555555553,
      "accuracy_std": 0.11331154474650632,
      "classification_report": "                   precision    recall  f1-score   support\n\nWordOrder_Nominal       0.18      0.13      0.15        15\n    WordOrder_SVO       0.31      0.27      0.29        15\n    WordOrder_VSO       0.14      0.07      0.09        15\n\n        micro avg       0.23      0.16      0.18        45\n        macro avg       0.21      0.16      0.18        45\n     weighted avg       0.21      0.16      0.18        45\n",
      "class_list": [
        "WordOrder_Nominal",
        "WordOrder_SVO",
        "WordOrder_VSO"
      ]
    },
    {
      "exp_name": "LexicalAmbiguity",
      "ansatz": "IQP",
      "n_samples": 125,
      "n_classes": 14,
      "n_s_qubits": 4,
      "fold_accuracies": [
        0.04,
        0.08,
        0.04,
        0.12,
        0.04
      ],
      "accuracy_mean": 0.064,
      "accuracy_std": 0.032,
      "classification_report": "                     precision    recall  f1-score   support\n\n    Ambiguity_Camel       0.20      0.20      0.20        10\n  Ambiguity_Conquer       0.00      0.00      0.00         5\n      Ambiguity_Eye       0.29      0.40      0.33         5\n     Ambiguity_Flag       0.00      0.00      0.00        10\n      Ambiguity_Hit       0.15      0.20      0.17        10\n     Ambiguity_King       0.00      0.00      0.00        10\nAmbiguity_Knowledge       0.11      0.10      0.11        10\n      Ambiguity_Leg       0.00      0.00      0.00        10\n      Ambiguity_Man       0.00      0.00      0.00        10\n Ambiguity_Multiply       0.14      0.10      0.12        10\n     Ambiguity_Open       0.00      0.00      0.00        10\n  Ambiguity_Possess       0.00      0.00      0.00        10\nAmbiguity_Sentences       0.00      0.00      0.00        10\n   Ambiguity_Spring       0.00      0.00      0.00         5\n\n          micro avg       0.07      0.06      0.07       125\n          macro avg       0.06      0.07      0.07       125\n       weighted avg       0.06      0.06      0.06       125\n",
      "class_list": [
        "Ambiguity_Camel",
        "Ambiguity_Conquer",
        "Ambiguity_Eye",
        "Ambiguity_Flag",
        "Ambiguity_Hit",
        "Ambiguity_King",
        "Ambiguity_Knowledge",
        "Ambiguity_Leg",
        "Ambiguity_Man",
        "Ambiguity_Multiply",
        "Ambiguity_Open",
        "Ambiguity_Possess",
        "Ambiguity_Sentences",
        "Ambiguity_Spring"
      ]
    },
    {
      "exp_name": "LexicalAmbiguity",
      "ansatz": "StronglyEntangling",
      "n_samples": 125,
      "n_classes": 14,
      "n_s_qubits": 4,
      "fold_accuracies": [
        0.16,
        0.04,
        0.04,
        0.0,
        0.04
      ],
      "accuracy_mean": 0.05600000000000001,
      "accuracy_std": 0.05425863986500215,
      "classification_report": "                     precision    recall  f1-score   support\n\n    Ambiguity_Camel       0.00      0.00      0.00        10\n  Ambiguity_Conquer       0.11      0.20      0.14         5\n      Ambiguity_Eye       0.08      0.20      0.11         5\n     Ambiguity_Flag       0.00      0.00      0.00        10\n      Ambiguity_Hit       0.00      0.00      0.00        10\n     Ambiguity_King       0.00      0.00      0.00        10\nAmbiguity_Knowledge       0.00      0.00      0.00        10\n      Ambiguity_Leg       0.00      0.00      0.00        10\n      Ambiguity_Man       0.08      0.10      0.09        10\n Ambiguity_Multiply       0.17      0.10      0.12        10\n     Ambiguity_Open       0.00      0.00      0.00        10\n  Ambiguity_Possess       0.20      0.10      0.13        10\nAmbiguity_Sentences       0.14      0.10      0.12        10\n   Ambiguity_Spring       0.17      0.20      0.18         5\n\n          micro avg       0.06      0.06      0.06       125\n          macro avg       0.07      0.07      0.06       125\n       weighted avg       0.06      0.06      0.05       125\n",
      "class_list": [
        "Ambiguity_Camel",
        "Ambiguity_Conquer",
        "Ambiguity_Eye",
        "Ambiguity_Flag",
        "Ambiguity_Hit",
        "Ambiguity_King",
        "Ambiguity_Knowledge",
        "Ambiguity_Leg",
        "Ambiguity_Man",
        "Ambiguity_Multiply",
        "Ambiguity_Open",
        "Ambiguity_Possess",
        "Ambiguity_Sentences",
        "Ambiguity_Spring"
      ]
    },
    {
      "exp_name": "LexicalAmbiguity",
      "ansatz": "Sim14",
      "n_samples": 125,
      "n_classes": 14,
      "n_s_qubits": 4,
      "fold_accuracies": [
        0.08,
        0.08,
        0.04,
        0.08,
        0.04
      ],
      "accuracy_mean": 0.064,
      "accuracy_std": 0.019595917942265423,