{
  "exp_name": "Morphology_Number",
  "ansatz": "IQP",
  "n_samples": 98,
  "n_classes": 3,
  "n_s_qubits": 2,
  "fold_accuracies": [
    0.45,
    0.25,
    0.3,
    0.3684210526315789,
    0.2631578947368421
  ],
  "accuracy_mean": 0.3263157894736842,
  "accuracy_std": 0.07426463126592438,
  "class_list": [
    "Du",
    "Pl",
    "Sg"
  ],
  "classification_report": "              precision    recall  f1-score   support\n\n          Du       0.32      0.27      0.29        22\n          Pl       0.53      0.40      0.46        47\n          Sg       0.33      0.24      0.28        29\n\n   micro avg       0.42      0.33      0.37        98\n   macro avg       0.39      0.31      0.34        98\nweighted avg       0.42      0.33      0.37        98\n"
}