{
  "exp_name": "WordOrder",
  "ansatz": "StronglyEntangling",
  "n_samples": 45,
  "n_classes": 3,
  "n_s_qubits": 2,
  "fold_accuracies": [
    0.1111111111111111,
    0.3333333333333333,
    0.3333333333333333,
    0.1111111111111111,
    0.3333333333333333
  ],
  "accuracy_mean": 0.2444444444444444,
  "accuracy_std": 0.10886621079036347,
  "classification_report": "                   precision    recall  f1-score   support\n\nWordOrder_Nominal       0.36      0.33      0.34        15\n    WordOrder_SVO       0.30      0.20      0.24        15\n    WordOrder_VSO       0.43      0.20      0.27        15\n\n        micro avg       0.35      0.24      0.29        45\n        macro avg       0.36      0.24      0.29        45\n     weighted avg       0.36      0.24      0.29        45\n",
  "class_list": [
    "WordOrder_Nominal",
    "WordOrder_SVO",
    "WordOrder_VSO"
  ]
}