{
  "exp_name": "Morphology_Number",
  "n_samples": 98,
  "n_classes": 3,
  "chance": 0.3333333333333333,
  "classifiers": {
    "SVM_linear": {
      "mean": 0.8778947368421053,
      "std": 0.051288116695072966,
      "folds": [
        0.9,
        0.8,
        0.9,
        0.9473684210526315,
        0.8421052631578947
      ],
      "report": "              precision    recall  f1-score   support\n\n          Du       0.93      0.64      0.76        22\n          Pl       0.98      0.91      0.95        47\n          Sg       0.74      1.00      0.85        29\n\n    accuracy                           0.88        98\n   macro avg       0.88      0.85      0.85        98\nweighted avg       0.90      0.88      0.88        98\n"
    },
    "SVM_rbf": {
      "mean": 0.8878947368421052,
      "std": 0.01909300752338639,
      "folds": [
        0.9,
        0.9,
        0.85,
        0.8947368421052632,
        0.8947368421052632
      ],
      "report": "              precision    recall  f1-score   support\n\n          Du       0.94      0.68      0.79        22\n          Pl       0.96      0.96      0.96        47\n          Sg       0.77      0.93      0.84        29\n\n    accuracy                           0.89        98\n   macro avg       0.89      0.86      0.86        98\nweighted avg       0.90      0.89      0.89        98\n"
    },
    "RF": {
      "mean": 0.8068421052631578,
      "std": 0.06534799240071057,
      "folds": [
        0.85,
        0.7,
        0.8,
        0.8947368421052632,
        0.7894736842105263
      ],
      "report": "              precision    recall  f1-score   support\n\n          Du       0.91      0.45      0.61        22\n          Pl       0.85      0.94      0.89        47\n          Sg       0.71      0.86      0.78        29\n\n    accuracy                           0.81        98\n   macro avg       0.82      0.75      0.76        98\nweighted avg       0.82      0.81      0.79        98\n"
    },
    "MLP": {
      "mean": 0.5594736842105263,
      "std": 0.13860803860401086,
      "folds": [
        0.5,
        0.65,
        0.7,
        0.3157894736842105,
        0.631578947368421
      ],
      "report": "              precision    recall  f1-score   support\n\n          Du       0.32      0.45      0.38        22\n          Pl       0.64      0.81      0.72        47\n          Sg       0.88      0.24      0.38        29\n\n    accuracy                           0.56        98\n   macro avg       0.61      0.50      0.49        98\nweighted avg       0.64      0.56      0.54        98\n"
    }
  }
}