{
  "exp_name": "LexicalAmbiguity_6class",
  "n_samples": 60,
  "n_classes": 6,
  "chance": 0.16666666666666666,
  "classifiers": {
    "SVM_linear": {
      "mean": 0.85,
      "std": 0.06236095644623234,
      "folds": [
        0.9166666666666666,
        0.9166666666666666,
        0.75,
        0.8333333333333334,
        0.8333333333333334
      ],
      "report": "                    precision    recall  f1-score   support\n\n     Ambiguity_Hit       0.75      0.90      0.82        10\n    Ambiguity_King       1.00      1.00      1.00        10\n     Ambiguity_Leg       0.86      0.60      0.71        10\n     Ambiguity_Man       0.82      0.90      0.86        10\nAmbiguity_Multiply       0.70      0.70      0.70        10\n Ambiguity_Possess       1.00      1.00      1.00        10\n\n          accuracy                           0.85        60\n         macro avg       0.85      0.85      0.85        60\n      weighted avg       0.85      0.85      0.85        60\n"
    },
    "SVM_rbf": {
      "mean": 0.8333333333333334,
      "std": 0.09128709291752769,
      "folds": [
        0.8333333333333334,
        0.9166666666666666,
        0.6666666666666666,
        0.8333333333333334,
        0.9166666666666666
      ],
      "report": "                    precision    recall  f1-score   support\n\n     Ambiguity_Hit       0.73      0.80      0.76        10\n    Ambiguity_King       1.00      1.00      1.00        10\n     Ambiguity_Leg       0.78      0.70      0.74        10\n     Ambiguity_Man       0.89      0.80      0.84        10\nAmbiguity_Multiply       0.64      0.70      0.67        10\n Ambiguity_Possess       1.00      1.00      1.00        10\n\n          accuracy                           0.83        60\n         macro avg       0.84      0.83      0.83        60\n      weighted avg       0.84      0.83      0.83        60\n"
    },
    "RF": {
      "mean": 0.8833333333333334,
      "std": 0.06666666666666665,
      "folds": [
        0.9166666666666666,
        0.9166666666666666,
        0.9166666666666666,
        0.75,
        0.9166666666666666
      ],
      "report": "                    precision    recall  f1-score   support\n\n     Ambiguity_Hit       0.75      0.90      0.82        10\n    Ambiguity_King       1.00      1.00      1.00        10\n     Ambiguity_Leg       0.89      0.80      0.84        10\n     Ambiguity_Man       0.90      0.90      0.90        10\nAmbiguity_Multiply       0.78      0.70      0.74        10\n Ambiguity_Possess       1.00      1.00      1.00        10\n\n          accuracy                           0.88        60\n         macro avg       0.89      0.88      0.88        60\n      weighted avg       0.89      0.88      0.88        60\n"
    },
    "MLP": {
      "mean": 0.7833333333333334,
      "std": 0.11303883305208778,
      "folds": [
        0.9166666666666666,
        0.5833333333333334,
        0.75,
        0.8333333333333334,
        0.8333333333333334
      ],
      "report": "                    precision    recall  f1-score   support\n\n     Ambiguity_Hit       0.62      1.00      0.77        10\n    Ambiguity_King       0.91      1.00      0.95        10\n     Ambiguity_Leg       1.00      0.30      0.46        10\n     Ambiguity_Man       0.75      0.90      0.82        10\nAmbiguity_Multiply       0.83      0.50      0.62        10\n Ambiguity_Possess       0.83      1.00      0.91        10\n\n          accuracy                           0.78        60\n         macro avg       0.83      0.78      0.76        60\n      weighted avg       0.83      0.78      0.76        60\n"
    }
  }
}