{
  "exp_name": "LexicalAmbiguity_14class",
  "n_samples": 125,
  "n_classes": 14,
  "chance": 0.07142857142857142,
  "classifiers": {
    "SVM_linear": {
      "mean": 0.736,
      "std": 0.04079215610874228,
      "folds": [
        0.68,
        0.8,
        0.76,
        0.72,
        0.72
      ],
      "report": "                     precision    recall  f1-score   support\n\n    Ambiguity_Camel       0.67      1.00      0.80        10\n  Ambiguity_Conquer       1.00      0.20      0.33         5\n      Ambiguity_Eye       0.00      0.00      0.00         5\n     Ambiguity_Flag       0.50      0.30      0.38        10\n      Ambiguity_Hit       0.77      1.00      0.87        10\n     Ambiguity_King       1.00      1.00      1.00        10\nAmbiguity_Knowledge       0.43      0.60      0.50        10\n      Ambiguity_Leg       0.86      0.60      0.71        10\n      Ambiguity_Man       0.82      0.90      0.86        10\n Ambiguity_Multiply       0.70      0.70      0.70        10\n     Ambiguity_Open       0.69      0.90      0.78        10\n  Ambiguity_Possess       1.00      1.00      1.00        10\nAmbiguity_Sentences       0.86      0.60      0.71        10\n   Ambiguity_Spring       0.62      1.00      0.77         5\n\n           accuracy                           0.74       125\n          macro avg       0.71      0.70      0.67       125\n       weighted avg       0.73      0.74      0.71       125\n"
    },
    "SVM_rbf": {
      "mean": 0.744,
      "std": 0.08236504112789597,
      "folds": [
        0.72,
        0.68,
        0.84,
        0.64,
        0.84
      ],
      "report": "                     precision    recall  f1-score   support\n\n    Ambiguity_Camel       0.54      0.70      0.61        10\n  Ambiguity_Conquer       1.00      1.00      1.00         5\n      Ambiguity_Eye       1.00      0.20      0.33         5\n     Ambiguity_Flag       0.60      0.60      0.60        10\n      Ambiguity_Hit       0.82      0.90      0.86        10\n     Ambiguity_King       1.00      1.00      1.00        10\nAmbiguity_Knowledge       0.50      0.50      0.50        10\n      Ambiguity_Leg       0.78      0.70      0.74        10\n      Ambiguity_Man       0.89      0.80      0.84        10\n Ambiguity_Multiply       0.60      0.60      0.60        10\n     Ambiguity_Open       1.00      0.80      0.89        10\n  Ambiguity_Possess       1.00      1.00      1.00        10\nAmbiguity_Sentences       0.46      0.60      0.52        10\n   Ambiguity_Spring       0.83      1.00      0.91         5\n\n           accuracy                           0.74       125\n          macro avg       0.79      0.74      0.74       125\n       weighted avg       0.77      0.74      0.74       125\n"
    },
    "RF": {
      "mean": 0.6960000000000001,
      "std": 0.05986651818838307,
      "folds": [
        0.72,
        0.64,
        0.8,
        0.64,
        0.68
      ],
      "report": "                     precision    recall  f1-score   support\n\n    Ambiguity_Camel       0.62      0.50      0.56        10\n  Ambiguity_Conquer       1.00      0.80      0.89         5\n      Ambiguity_Eye       0.00      0.00      0.00         5\n     Ambiguity_Flag       0.53      0.80      0.64        10\n      Ambiguity_Hit       0.75      0.90      0.82        10\n     Ambiguity_King       0.83      1.00      0.91        10\nAmbiguity_Knowledge       0.50      0.30      0.38        10\n      Ambiguity_Leg       0.83      0.50      0.62        10\n      Ambiguity_Man       0.64      0.90      0.75        10\n Ambiguity_Multiply       0.62      0.50      0.56        10\n     Ambiguity_Open       0.91      1.00      0.95        10\n  Ambiguity_Possess       1.00      0.90      0.95        10\nAmbiguity_Sentences       0.46      0.60      0.52        10\n   Ambiguity_Spring       0.67      0.80      0.73         5\n\n           accuracy                           0.70       125\n          macro avg       0.67      0.68      0.66       125\n       weighted avg       0.68      0.70      0.68       125\n"
    },
    "MLP": {
      "mean": 0.536,
      "std": 0.04079215610874228,
      "folds": [
        0.52,
        0.48,
        0.6,
        0.52,
        0.56
      ],
      "report": "                     precision    recall  f1-score   support\n\n    Ambiguity_Camel       1.00      0.20      0.33        10\n  Ambiguity_Conquer       1.00      0.20      0.33         5\n      Ambiguity_Eye       0.00      0.00      0.00         5\n     Ambiguity_Flag       0.67      0.20      0.31        10\n      Ambiguity_Hit       0.83      0.50      0.62        10\n     Ambiguity_King       1.00      0.90      0.95        10\nAmbiguity_Knowledge       0.35      0.60      0.44        10\n      Ambiguity_Leg       1.00      0.20      0.33        10\n      Ambiguity_Man       1.00      0.70      0.82        10\n Ambiguity_Multiply       0.00      0.00      0.00        10\n     Ambiguity_Open       0.69      0.90      0.78        10\n  Ambiguity_Possess       0.45      1.00      0.62        10\nAmbiguity_Sentences       0.26      0.90      0.40        10\n   Ambiguity_Spring       0.62      1.00      0.77         5\n\n           accuracy                           0.54       125\n          macro avg       0.63      0.52      0.48       125\n       weighted avg       0.65      0.54      0.49       125\n"
    }
  }
}