{
  "exp_name": "Morphology_Tense",
  "ansatz": "Sim14",
  "n_samples": 28,
  "n_classes": 2,
  "n_s_qubits": 1,
  "fold_accuracies": [
    0.8333333333333334,
    0.8333333333333334,
    0.5,
    0.8,
    0.8
  ],
  "accuracy_mean": 0.7533333333333333,
  "accuracy_std": 0.12754084313139327,
  "classification_report": "              precision    recall  f1-score   support\n\n        Past       0.77      0.71      0.74        14\n        Pres       0.73      0.79      0.76        14\n\n    accuracy                           0.75        28\n   macro avg       0.75      0.75      0.75        28\nweighted avg       0.75      0.75      0.75        28\n",
  "class_list": [
    "Past",
    "Pres"
  ]
}