{
  "exp_name": "Morphology_Tense",
  "ansatz": "Sim14",
  "n_samples": 28,
  "n_classes": 2,
  "n_s_qubits": 1,
  "fold_accuracies": [
    0.6666666666666666,
    0.6666666666666666,
    0.6666666666666666,
    1.0,
    0.6
  ],
  "accuracy_mean": 0.72,
  "accuracy_std": 0.1423610433604175,
  "class_list": [
    "Past",
    "Pres"
  ],
  "classification_report": "              precision    recall  f1-score   support\n\n        Past       0.71      0.71      0.71        14\n        Pres       0.71      0.71      0.71        14\n\n    accuracy                           0.71        28\n   macro avg       0.71      0.71      0.71        28\nweighted avg       0.71      0.71      0.71        28\n"
}